Keyword Stats 2026-06-19 at 14_52_54,,,,,,,,,,,,,,,,,,,,,,,,,
"June 1, 2025 - May 31, 2026",,,,,,,,,,,,,,,,,,,,,,,,,
Keyword,Currency,Avg. monthly searches,Three month change,YoY change,Competition,Competition (indexed value),Top of page bid (low range),Top of page bid (high range),Ad impression share,Organic impression share,Organic average position,In account?,In plan?,Searches: Jun 2025,Searches: Jul 2025,Searches: Aug 2025,Searches: Sep 2025,Searches: Oct 2025,Searches: Nov 2025,Searches: Dec 2025,Searches: Jan 2026,Searches: Feb 2026,Searches: Mar 2026,Searches: Apr 2026,Searches: May 2026
hvac formulas,USD,500,-90%,-90%,Low,12,3.00,21.83,,,,,,,,,,,,,,,,,
hvac calculators,USD,5000,-90%,-90%,Medium,45,0.65,5.68,,,,,,,,,,,,,,,,,
furnace and ac replacement cost calculator,USD,500,900%,0%,Medium,60,2.47,10.50,,,,,,,,,,,,,,,,,
new hvac system cost calculator,USD,500,900%,900%,High,67,2.19,9.29,,,,,,,,,,,,,,,,,
ductwork replacement cost calculator,USD,5000,0%,-90%,Medium,51,2.53,10.25,,,,,,,,,,,,,,,,,
manual j calculation,USD,5000,0%,0%,Medium,49,1.04,6.85,,,,,,,,,,,,,,,,,
heat load calculation hvac,USD,500,0%,0%,Medium,53,1.19,5.72,,,,,,,,,,,,,,,,,
hvac repair cost calculator,USD,500,0%,0%,Low,14,3.09,14.16,,,,,,,,,,,,,,,,,
hvac load calculation,USD,5000,0%,0%,Low,23,1.12,5.93,,,,,,,,,,,,,,,,,
hvac sizing calculator,USD,5000,900%,900%,Low,16,0.64,3.71,,,,,,,,,,,,,,,,,
manual j,USD,5000,0%,0%,Medium,41,1.11,6.02,,,,,,,,,,,,,,,,,
manual j load calculation,USD,5000,0%,900%,Medium,60,0.95,5.55,,,,,,,,,,,,,,,,,
air conditioning installation cost calculator,USD,500,0%,0%,Low,26,2.93,13.97,,,,,,,,,,,,,,,,,
hvac tonnage calculator,USD,500,900%,900%,Low,23,0.43,3.20,,,,,,,,,,,,,,,,,
central air installation cost calculator,USD,500,0%,0%,Low,20,1.89,9.63,,,,,,,,,,,,,,,,,
free hvac duct sizing calculator,USD,500,0%,0%,Low,31,1.03,6.11,,,,,,,,,,,,,,,,,
commercial hvac cost calculator,USD,50,0%,-90%,Medium,35,2.74,13.56,,,,,,,,,,,,,,,,,
hvac financing calculator,USD,50,0%,0%,Low,19,2.64,6.52,,,,,,,,,,,,,,,,,
hvac load calculator free,USD,500,0%,0%,Medium,54,0.96,4.20,,,,,,,,,,,,,,,,,
hvac replacement cost calculator,USD,5000,0%,0%,Low,5,2.65,12.05,,,,,,,,,,,,,,,,,
hvac labor rate calculator,USD,50,0%,0%,Low,10,3.05,12.00,,,,,,,,,,,,,,,,,
wrightsoft manual j,USD,500,0%,0%,Medium,49,1.60,14.71,,,,,,,,,,,,,,,,,
heat load calculation,USD,500,0%,-90%,Medium,48,0.83,4.16,,,,,,,,,,,,,,,,,
hvac cost calculator,USD,500,0%,0%,Low,4,2.08,8.37,,,,,,,,,,,,,,,,,
duct cleaning cost calculator,USD,500,0%,0%,Medium,62,2.66,12.36,,,,,,,,,,,,,,,,,
hvac pricing calculator,USD,50,0%,0%,Medium,39,2.87,13.37,,,,,,,,,,,,,,,,,
hvac tons per square foot commercial calculator,USD,500,-90%,-90%,Low,30,1.05,6.38,,,,,,,,,,,,,,,,,
hvac maintenance cost estimating,USD,50,0%,0%,High,71,,,,,,,,,,,,,,,,,,,
free manual j calculator,USD,500,0%,0%,Medium,51,0.79,3.50,,,,,,,,,,,,,,,,,
acca manual j,USD,500,0%,0%,Medium,45,1.23,5.69,,,,,,,,,,,,,,,,,
air conditioner calculator,USD,5000,0%,0%,Low,18,0.49,2.55,,,,,,,,,,,,,,,,,
duct calculator,USD,5000,0%,0%,Low,4,0.62,5.76,,,,,,,,,,,,,,,,,
formula air hvac,USD,500,0%,0%,Low,7,5.55,18.20,,,,,,,,,,,,,,,,,
central air cost calculator,USD,50,900%,900%,Medium,59,2.18,10.25,,,,,,,,,,,,,,,,,
hvac calculation formula,USD,50,0%,0%,Low,33,0.93,6.01,,,,,,,,,,,,,,,,,
ac ton calculator,USD,500,0%,0%,Medium,44,0.54,1.78,,,,,,,,,,,,,,,,,
hvac manual j,USD,500,0%,0%,Medium,55,1.15,6.19,,,,,,,,,,,,,,,,,
air conditioning cost calculator,USD,500,900%,0%,Medium,35,2.39,10.05,,,,,,,,,,,,,,,,,
ac tonnage calculator per square foot,USD,500,0%,0%,Low,19,0.36,3.20,,,,,,,,,,,,,,,,,
air conditioning size calculator,USD,5000,0%,0%,Low,25,0.49,2.31,,,,,,,,,,,,,,,,,
hvac estimate cost,USD,50,0%,0%,Medium,48,,,,,,,,,,,,,,,,,,,
commercial hvac sizing calculator,USD,50,0%,0%,Medium,59,1.64,6.56,,,,,,,,,,,,,,,,,
commercial hvac calculator,USD,50,0%,0%,Medium,57,1.27,8.71,,,,,,,,,,,,,,,,,
ductwork cost calculator,USD,50,0%,0%,Low,33,,,,,,,,,,,,,,,,,,,
hvac system replacement cost calculator,USD,5000,0%,900%,Low,6,2.63,10.60,,,,,,,,,,,,,,,,,
hvac duct calculator,USD,5000,-90%,-90%,Low,6,0.67,5.11,,,,,,,,,,,,,,,,,
hvac loan calculator,USD,50,0%,0%,Low,13,2.61,7.01,,,,,,,,,,,,,,,,,
btu calculation formula for air conditioner,USD,500,0%,0%,Low,25,0.22,2.70,,,,,,,,,,,,,,,,,
duct size calculator,USD,5000,0%,0%,Low,7,1.00,5.97,,,,,,,,,,,,,,,,,
hvac hourly rate calculator,USD,50,0%,0%,Low,0,,,,,,,,,,,,,,,,,,,
hvac installation cost calculator,USD,500,-90%,0%,Low,3,3.94,13.53,,,,,,,,,,,,,,,,,
hvac estimate calculator,USD,50,-90%,0%,High,79,3.30,14.72,,,,,,,,,,,,,,,,,
new ac unit estimate,USD,50,0%,0%,High,70,8.09,38.26,,,,,,,,,,,,,,,,,
manual j load calculation free,USD,50,900%,900%,Medium,58,0.71,3.53,,,,,,,,,,,,,,,,,
manual j heat load calculation,USD,500,0%,0%,Medium,59,1.12,5.78,,,,,,,,,,,,,,,,,
commercial hvac load calculation free,USD,50,0%,0%,High,86,,,,,,,,,,,,,,,,,,,
new hvac system cost estimate,USD,50,0%,0%,High,82,2.57,11.02,,,,,,,,,,,,,,,,,
simple heat load calculator,USD,50,0%,0%,Medium,33,1.18,5.43,,,,,,,,,,,,,,,,,
air conditioning calculation formula,USD,50,0%,-90%,Low,19,0.36,3.20,,,,,,,,,,,,,,,,,
manual j calculation online,USD,500,0%,0%,Medium,61,1.31,10.02,,,,,,,,,,,,,,,,,
hvac system calculator,USD,500,-90%,0%,Medium,51,1.80,6.68,,,,,,,,,,,,,,,,,
online ductulator,USD,5000,0%,0%,Low,6,1.19,3.41,,,,,,,,,,,,,,,,,
central ac installation cost calculator,USD,500,0%,0%,Low,1,3.12,16.04,,,,,,,,,,,,,,,,,
hvac btu calculator,USD,500,0%,0%,Low,19,0.36,3.20,,,,,,,,,,,,,,,,,
hvac cfm calculator online,USD,50,0%,0%,Medium,43,,,,,,,,,,,,,,,,,,,
cooling load calculation,USD,500,0%,0%,Low,32,0.45,3.20,,,,,,,,,,,,,,,,,
hvac trunk size calculator,USD,50,0%,0%,Low,14,,,,,,,,,,,,,,,,,,,
central heat and air installation cost calculator,USD,50,0%,0%,Low,0,,,,,,,,,,,,,,,,,,,
manual j calculation near me,USD,50,0%,0%,High,68,2.51,14.59,,,,,,,,,,,,,,,,,
ducted air conditioning running cost calculator,USD,50,0%,-100%,Unknown,,,,,,,,,,,,,,,,,,,,
central heat and air cost calculator,USD,50,-100%,-100%,Unknown,,,,,,,,,,,,,,,,,,,,
central ac size calculator,USD,500,900%,0%,Low,30,0.37,3.65,,,,,,,,,,,,,,,,,
hvac ton calculator,USD,50,0%,0%,Low,26,0.37,3.13,,,,,,,,,,,,,,,,,
manual j residential load calculation,USD,500,0%,0%,High,99,1.08,5.04,,,,,,,,,,,,,,,,,
metal building hvac calculator,USD,50,0%,0%,Medium,40,3.83,5.31,,,,,,,,,,,,,,,,,
hvac energy savings calculator,USD,500,0%,0%,Low,14,1.79,6.26,,,,,,,,,,,,,,,,,
central air installation cost calculator with ductwork,USD,50,0%,-100%,Unknown,,,,,,,,,,,,,,,,,,,,
heat pump seer calculator,USD,50,0%,0%,Low,24,,,,,,,,,,,,,,,,,,,
hvac replacement calculator,USD,50,0%,0%,Medium,45,3.62,16.73,,,,,,,,,,,,,,,,,
estimate heating and cooling costs,USD,50,0%,0%,Medium,64,2.64,11.22,,,,,,,,,,,,,,,,,
central air conditioner size calculator,USD,500,900%,0%,Low,30,0.37,3.65,,,,,,,,,,,,,,,,,
central air replacement cost calculator,USD,50,0%,0%,Low,13,3.79,11.08,,,,,,,,,,,,,,,,,
geothermal heat pump cost calculator,USD,50,0%,0%,Low,14,,,,,,,,,,,,,,,,,,,
sizing hvac system calculations,USD,500,0%,0%,Low,20,0.73,4.90,,,,,,,,,,,,,,,,,
hvac efficiency calculator,USD,50,0%,0%,Low,13,,,,,,,,,,,,,,,,,,,
central air calculator,USD,50,0%,0%,Medium,47,0.40,2.46,,,,,,,,,,,,,,,,,
central air estimate cost,USD,50,∞,0%,Medium,64,,,,,,,,,,,,,,,,,,,
tonnage of ac unit,USD,500,0%,0%,Low,13,0.74,8.15,,,,,,,,,,,,,,,,,
sizing ac unit calculator,USD,5000,0%,0%,Low,25,0.49,2.31,,,,,,,,,,,,,,,,,
hvac calculator online,USD,50,0%,0%,Low,29,0.91,3.97,,,,,,,,,,,,,,,,,
hvac load calculation formula,USD,50,0%,0%,Low,25,1.06,4.32,,,,,,,,,,,,,,,,,
central air and heat installation cost calculator,USD,50,0%,0%,Low,0,,,,,,,,,,,,,,,,,,,
air duct calculator,USD,5000,0%,0%,Low,4,0.62,5.76,,,,,,,,,,,,,,,,,
manual d hvac,USD,500,0%,0%,High,75,1.31,13.64,,,,,,,,,,,,,,,,,
air conditioning btu calculator,USD,5000,0%,0%,Low,11,0.12,1.62,,,,,,,,,,,,,,,,,
hvac unit size calculator,USD,500,0%,0%,Low,13,0.64,3.57,,,,,,,,,,,,,,,,,
commercial ductwork cost calculator,USD,50,0%,0%,Medium,50,,,,,,,,,,,,,,,,,,,
hvac savings calculator,USD,50,0%,0%,Low,7,,,,,,,,,,,,,,,,,,,
split ac tonnage calculator,USD,50,0%,0%,Low,22,,,,,,,,,,,,,,,,,,,
ac heat load calculation,USD,50,0%,0%,Low,16,1.13,7.33,,,,,,,,,,,,,,,,,
heating and cooling calculator,USD,50,0%,0%,Low,24,0.76,3.20,,,,,,,,,,,,,,,,,
cooling load calculation hvac,USD,50,0%,0%,Medium,57,1.07,2.75,,,,,,,,,,,,,,,,,
heating and cooling cost calculator,USD,50,0%,0%,Medium,64,2.64,11.22,,,,,,,,,,,,,,,,,
hvac square footage calculator,USD,50,0%,0%,Medium,38,0.51,3.20,,,,,,,,,,,,,,,,,
ducted air conditioning size calculator,USD,50,0%,∞,Low,14,,,,,,,,,,,,,,,,,,,
new air conditioner estimate,USD,50,0%,0%,High,79,5.00,38.68,,,,,,,,,,,,,,,,,
hvac capacity calculator,USD,500,900%,900%,Low,3,0.66,3.91,,,,,,,,,,,,,,,,,
duct sizer,USD,500,0%,0%,Low,17,1.14,12.50,,,,,,,,,,,,,,,,,
new hvac cost calculator,USD,50,0%,0%,Low,19,,,,,,,,,,,,,,,,,,,
calculate tonnage hvac,USD,50,0%,0%,Medium,34,1.20,2.34,,,,,,,,,,,,,,,,,
air conditioner replacement cost calculator,USD,500,0%,900%,Low,5,2.70,7.88,,,,,,,,,,,,,,,,,
hvac price calculator,USD,500,0%,900%,High,70,2.31,12.00,,,,,,,,,,,,,,,,,
furnace repair cost calculator,USD,500,-90%,0%,Low,4,,,,,,,,,,,,,,,,,,,
heating and cooling costs per square foot calculator,USD,50,∞,0%,Low,0,,,,,,,,,,,,,,,,,,,
commercial hvac load calculation,USD,500,-90%,0%,Medium,40,2.29,8.79,,,,,,,,,,,,,,,,,
hvac j calculation,USD,50,0%,0%,Medium,51,1.16,6.56,,,,,,,,,,,,,,,,,
size of central air conditioner for square footage,USD,50,0%,0%,Medium,42,0.30,40.87,,,,,,,,,,,,,,,,,
hvac cost estimate,USD,50,0%,0%,Medium,51,3.28,15.94,,,,,,,,,,,,,,,,,
size of ac unit per square foot,USD,500,900%,0%,Medium,62,0.27,3.49,,,,,,,,,,,,,,,,,
tonnage for ac unit,USD,500,0%,0%,Low,13,0.74,8.15,,,,,,,,,,,,,,,,,
hvac size per square foot,USD,50,0%,0%,Medium,52,0.87,6.50,,,,,,,,,,,,,,,,,
hvac system design calculations,USD,50,0%,0%,High,79,,,,,,,,,,,,,,,,,,,
air conditioning load calculation,USD,5000,0%,0%,Low,23,1.12,5.93,,,,,,,,,,,,,,,,,
hvac design calculations,USD,50,0%,0%,Medium,53,3.06,6.24,,,,,,,,,,,,,,,,,
central air size calculator,USD,50,0%,0%,Medium,35,0.43,2.11,,,,,,,,,,,,,,,,,
duct sizer online,USD,50,0%,0%,Low,20,0.94,6.98,,,,,,,,,,,,,,,,,
free heat load calculator,USD,50,0%,0%,Medium,63,0.93,4.53,,,,,,,,,,,,,,,,,
hvac calc,USD,5000,-90%,-90%,Medium,45,0.65,5.68,,,,,,,,,,,,,,,,,
hvac manual j calculation free,USD,50,∞,0%,High,86,,,,,,,,,,,,,,,,,,,
hvac ductwork calculator,USD,5000,-90%,-90%,Low,6,0.67,5.11,,,,,,,,,,,,,,,,,
hvac duct size calculator,USD,500,0%,0%,Low,8,1.05,5.69,,,,,,,,,,,,,,,,,
central ac cost calculator,USD,50,0%,0%,Low,11,1.15,3.45,,,,,,,,,,,,,,,,,
hvac operating cost calculator,USD,50,0%,0%,Low,9,,,,,,,,,,,,,,,,,,,
ductwork calculator,USD,5000,0%,0%,Low,4,0.62,5.76,,,,,,,,,,,,,,,,,
commercial heat load calculation,USD,50,0%,0%,High,74,2.24,6.28,,,,,,,,,,,,,,,,,
hvac design calculations excel,USD,50,0%,0%,Low,32,,,,,,,,,,,,,,,,,,,
commercial hvac tonnage calculator,USD,50,0%,0%,Low,23,1.14,8.43,,,,,,,,,,,,,,,,,
ac seer calculator,USD,50,0%,0%,Low,13,2.79,7.43,,,,,,,,,,,,,,,,,
ducted air conditioning calculator,USD,50,0%,-100%,Unknown,,,,,,,,,,,,,,,,,,,,
hvac charge calculator,USD,50,0%,0%,Low,19,1.14,3.07,,,,,,,,,,,,,,,,,
residential hvac sizing calculator,USD,50,0%,0%,Low,29,0.73,8.31,,,,,,,,,,,,,,,,,
commercial ac calculator,USD,50,0%,0%,Medium,57,1.27,8.71,,,,,,,,,,,,,,,,,
manual j hvac residential load calculation,USD,50,0%,0%,Low,19,1.28,13.03,,,,,,,,,,,,,,,,,
hvac energy calculations,USD,50,0%,0%,High,86,,,,,,,,,,,,,,,,,,,
heating and cooling load calculation,USD,50,0%,0%,High,69,1.16,4.75,,,,,,,,,,,,,,,,,
hvac ductulator,USD,500,0%,0%,Medium,37,0.66,5.37,,,,,,,,,,,,,,,,,
cfm calculation formula in hvac,USD,500,0%,0%,Low,11,0.59,3.20,,,,,,,,,,,,,,,,,
hvac btu per square foot,USD,50,0%,0%,Medium,48,0.48,6.82,,,,,,,,,,,,,,,,,
hvac profit margin calculator,USD,50,0%,0%,Low,17,2.39,8.00,,,,,,,,,,,,,,,,,
sizing ac unit by cubic feet,USD,50,-100%,-100%,Unknown,,,,,,,,,,,,,,,,,,,,
air conditioning running cost calculator,USD,50,0%,0%,Low,9,,,,,,,,,,,,,,,,,,,
duct calculator online,USD,500,0%,0%,Low,5,1.33,6.05,,,,,,,,,,,,,,,,,
hvac load calc,USD,5000,0%,0%,Low,23,1.12,5.93,,,,,,,,,,,,,,,,,
hvac roi calculator,USD,50,0%,0%,Low,14,,,,,,,,,,,,,,,,,,,
hvac airflow calculation,USD,50,0%,0%,Low,23,,,,,,,,,,,,,,,,,,,
hvac installation calculator,USD,50,0%,0%,High,86,2.56,15.44,,,,,,,,,,,,,,,,,
residential hvac load calculation,USD,50,0%,0%,Medium,56,1.95,6.25,,,,,,,,,,,,,,,,,
air conditioner capacity calculation formula,USD,50,0%,-90%,Low,19,0.36,3.20,,,,,,,,,,,,,,,,,
online manual j,USD,50,-90%,0%,High,67,1.33,12.92,,,,,,,,,,,,,,,,,
calculate air conditioner size for house,USD,50,0%,0%,High,71,0.74,5.00,,,,,,,,,,,,,,,,,
hvac static pressure calculator,USD,50,0%,0%,Low,0,,,,,,,,,,,,,,,,,,,
air conditioning tonnage calculator,USD,5000,0%,0%,Low,20,0.57,3.20,,,,,,,,,,,,,,,,,
residential heat load calculation,USD,50,0%,0%,Medium,56,1.27,5.97,,,,,,,,,,,,,,,,,
hvac sizing calculator excel,USD,50,-100%,-100%,Unknown,,,,,,,,,,,,,,,,,,,,
hvac seer calculator,USD,50,0%,0%,Low,13,2.79,7.43,,,,,,,,,,,,,,,,,
air conditioner size per square foot,USD,500,900%,0%,Medium,62,0.27,3.49,,,,,,,,,,,,,,,,,
mcquay duct sizer,USD,500,0%,0%,Low,16,3.00,13.29,,,,,,,,,,,,,,,,,
duct load calculation hvac,USD,50,-100%,-100%,Unknown,,,,,,,,,,,,,,,,,,,,
hvac cfm calculator,USD,500,0%,0%,Low,5,0.55,3.27,,,,,,,,,,,,,,,,,
central air unit size calculator,USD,500,900%,0%,Low,30,0.37,3.65,,,,,,,,,,,,,,,,,
hvac system cost calculator,USD,500,0%,0%,Low,32,2.07,9.61,,,,,,,,,,,,,,,,,
warehouse hvac calculator,USD,50,0%,0%,Medium,50,,,,,,,,,,,,,,,,,,,
air conditioner ton calculator,USD,5000,0%,0%,Low,20,0.57,3.20,,,,,,,,,,,,,,,,,
ducted air conditioning kw calculator,USD,50,0%,0%,Unknown,,,,,,,,,,,,,,,,,,,,
central ac unit size calculator,USD,500,900%,0%,Low,30,0.37,3.65,,,,,,,,,,,,,,,,,
hvac cfm per square foot,USD,50,0%,0%,Low,8,,,,,,,,,,,,,,,,,,,
duct size cfm calculator,USD,500,0%,0%,Low,9,0.76,4.75,,,,,,,,,,,,,,,,,
sizing ductwork,USD,500,0%,0%,Low,17,1.14,12.50,,,,,,,,,,,,,,,,,
square footage calculator for air conditioner,USD,500,900%,0%,Low,31,0.24,1.89,,,,,,,,,,,,,,,,,
central air conditioning estimate,USD,50,0%,0%,High,88,1.25,39.18,,,,,,,,,,,,,,,,,
air conditioner size calculator for house,USD,50,0%,0%,Medium,39,0.49,2.13,,,,,,,,,,,,,,,,,
air conditioning design calculations,USD,50,0%,0%,High,86,1.26,3.67,,,,,,,,,,,,,,,,,
commercial hvac energy savings calculator,USD,50,0%,0%,Medium,43,3.78,6.35,,,,,,,,,,,,,,,,,
superheat and subcooling calculator,USD,500,0%,0%,Low,3,1.33,4.81,,,,,,,,,,,,,,,,,
hvac seer savings calculator,USD,50,0%,0%,Medium,40,,,,,,,,,,,,,,,,,,,
manual j calculation cost,USD,50,0%,0%,Medium,39,,,,,,,,,,,,,,,,,,,
central air conditioner calculator,USD,500,0%,900%,Low,8,0.50,4.09,,,,,,,,,,,,,,,,,
furnace load calculation,USD,500,0%,0%,Low,7,0.52,3.20,,,,,,,,,,,,,,,,,
hvac unit calculator,USD,50,0%,0%,Medium,50,0.89,3.14,,,,,,,,,,,,,,,,,
eer formula hvac,USD,50,0%,900%,Low,0,,,,,,,,,,,,,,,,,,,
heat loss calculation hvac,USD,50,0%,0%,High,67,0.84,5.17,,,,,,,,,,,,,,,,,
home air conditioner size calculator,USD,50,0%,0%,High,69,0.63,3.25,,,,,,,,,,,,,,,,,
heat load calc,USD,500,0%,0%,Medium,49,0.84,4.89,,,,,,,,,,,,,,,,,
free manual j,USD,50,0%,0%,Medium,56,0.90,2.84,,,,,,,,,,,,,,,,,
hvac ton size calculator,USD,50,0%,0%,Low,0,,,,,,,,,,,,,,,,,,,
hvac cooling calculator,USD,50,0%,0%,High,67,0.86,4.55,,,,,,,,,,,,,,,,,
air conditioner by square footage,USD,500,0%,0%,Medium,52,0.22,5.75,,,,,,,,,,,,,,,,,
duct calculator cfm,USD,5000,0%,0%,Low,7,1.17,4.14,,,,,,,,,,,,,,,,,
hvac load calculation training,USD,50,0%,0%,Low,29,,,,,,,,,,,,,,,,,,,
calculate ac tonnage for house,USD,50,0%,0%,Medium,36,0.37,3.97,,,,,,,,,,,,,,,,,
seer hvac calculation,USD,50,-100%,-100%,Unknown,,,,,,,,,,,,,,,,,,,,
home ac tonnage calculator,USD,50,0%,0%,Medium,36,0.37,3.97,,,,,,,,,,,,,,,,,
calculating hvac requirements,USD,50,0%,0%,Medium,40,1.05,2.91,,,,,,,,,,,,,,,,,
central ac calculator,USD,500,0%,900%,Low,8,0.50,4.09,,,,,,,,,,,,,,,,,
furnace and ac size calculator,USD,50,0%,0%,High,71,0.61,4.62,,,,,,,,,,,,,,,,,
ac replacement cost calculator,USD,500,0%,900%,Low,5,2.70,7.88,,,,,,,,,,,,,,,,,
hvac calculator btu,USD,50,0%,0%,Unknown,,,,,,,,,,,,,,,,,,,,
residential heat pump sizing,USD,50,0%,0%,High,86,,,,,,,,,,,,,,,,,,,
whole house air conditioner size calculator,USD,50,0%,0%,Medium,36,,,,,,,,,,,,,,,,,,,
energy savings seer calculator,USD,50,0%,0%,Low,8,,,,,,,,,,,,,,,,,,,
furnace replacement calculator,USD,50,0%,0%,High,86,,,,,,,,,,,,,,,,,,,
heating cooling load calculator,USD,50,0%,0%,Medium,62,1.68,5.34,,,,,,,,,,,,,,,,,
duct design calculation,USD,50,-100%,-100%,Unknown,,,,,,,,,,,,,,,,,,,,
sizing ac by square footage,USD,50,0%,-90%,Medium,46,0.29,3.91,,,,,,,,,,,,,,,,,
air conditioner house size calculator,USD,50,0%,0%,Medium,43,,,,,,,,,,,,,,,,,,,
cost to heat and cool a house calculator,USD,50,0%,-100%,Unknown,,,,,,,,,,,,,,,,,,,,
residential hvac calculator,USD,50,0%,0%,Medium,38,1.04,3.30,,,,,,,,,,,,,,,,,
easy manual j calculation,USD,50,0%,0%,High,70,1.12,10.82,,,,,,,,,,,,,,,,,
hvac size square footage,USD,50,0%,0%,Low,29,,,,,,,,,,,,,,,,,,,
cost of running central air conditioner calculator,USD,50,0%,0%,Low,0,,,,,,,,,,,,,,,,,,,
central ac btu calculator,USD,50,0%,0%,Low,19,0.59,3.20,,,,,,,,,,,,,,,,,
ems hvac load calculator,USD,50,0%,0%,Medium,41,2.43,9.80,,,,,,,,,,,,,,,,,
air conditioning room size calculator,USD,500,0%,0%,Medium,42,0.07,1.27,,,,,,,,,,,,,,,,,
hvaccalc,USD,50,0%,0%,Low,29,,,,,,,,,,,,,,,,,,,
btu calculator for hvac,USD,500,0%,0%,Low,6,0.73,6.13,,,,,,,,,,,,,,,,,
ac duct calculator,USD,50,0%,0%,Low,17,0.58,4.33,,,,,,,,,,,,,,,,,
calculate ac tons needed,USD,50,0%,0%,Medium,62,,,,,,,,,,,,,,,,,,,
air conditioning co2 calculator,USD,50,0%,0%,Low,4,,,,,,,,,,,,,,,,,,,
central air conditioner unit size calculator,USD,50,0%,0%,Medium,43,0.51,7.20,,,,,,,,,,,,,,,,,
air conditioner efficiency formula,USD,50,0%,0%,Low,16,,,,,,,,,,,,,,,,,,,
servicetitan load calculator,USD,50,0%,0%,Low,23,1.15,7.34,,,,,,,,,,,,,,,,,
central ac tonnage calculator,USD,50,0%,0%,Low,31,0.30,3.20,,,,,,,,,,,,,,,,,
formula air conditioning,USD,50,0%,0%,Low,6,,,,,,,,,,,,,,,,,,,
seer rating calculator,USD,500,0%,0%,Low,8,1.30,6.39,,,,,,,,,,,,,,,,,
3 ton ac unit btu calculator,USD,50,0%,0%,Low,29,,,,,,,,,,,,,,,,,,,
heat loads for hvac,USD,50,0%,0%,Medium,39,1.29,18.19,,,,,,,,,,,,,,,,,
air conditioner unit size calculator,USD,5000,0%,0%,Low,25,0.49,2.31,,,,,,,,,,,,,,,,,
hvac split system size calculator,USD,50,0%,0%,High,71,,,,,,,,,,,,,,,,,,,
size of ac unit needed,USD,50,0%,0%,Medium,55,0.28,5.85,,,,,,,,,,,,,,,,,
acca manual j load calculation,USD,50,900%,900%,Medium,38,1.12,4.98,,,,,,,,,,,,,,,,,
manual j cost,USD,50,0%,0%,Medium,37,2.32,11.64,,,,,,,,,,,,,,,,,
ems hvac load calculator free download,USD,50,∞,∞,Low,14,,,,,,,,,,,,,,,,,,,
central air conditioner ton calculator,USD,50,0%,0%,Medium,36,,,,,,,,,,,,,,,,,,,
furnace and ac calculator,USD,50,0%,0%,Medium,38,0.71,12.00,,,,,,,,,,,,,,,,,
sizing ac tonnage,USD,50,0%,0%,Medium,66,0.73,5.03,,,,,,,,,,,,,,,,,
air source heat pump radiator calculator,USD,50,0%,-100%,Unknown,,,,,,,,,,,,,,,,,,,,
hvac duct calculator online,USD,50,0%,0%,Low,2,,,,,,,,,,,,,,,,,,,
tons per square foot air conditioning,USD,500,0%,-90%,Medium,33,0.34,4.35,,,,,,,,,,,,,,,,,
super cool duct calculator,USD,50,0%,0%,Low,18,0.26,1.41,,,,,,,,,,,,,,,,,
hvac cooling load calculation,USD,50,0%,0%,Medium,42,0.93,4.99,,,,,,,,,,,,,,,,,
quick hvac load calculation,USD,50,0%,0%,High,86,,,,,,,,,,,,,,,,,,,
air conditioner efficiency calculator,USD,50,0%,0%,Low,12,,,,,,,,,,,,,,,,,,,
hvac cal,USD,500,-90%,0%,Low,15,3.57,25.00,,,,,,,,,,,,,,,,,
house ac tonnage calculator,USD,50,0%,0%,Medium,62,,,,,,,,,,,,,,,,,,,
btu hvac calculator,USD,500,0%,0%,Low,19,0.36,3.20,,,,,,,,,,,,,,,,,
hvac unit tonnage calculator,USD,50,0%,0%,Low,12,,,,,,,,,,,,,,,,,,,
superheat subcooling calculator,USD,500,0%,0%,Low,3,1.33,4.81,,,,,,,,,,,,,,,,,
ductless air conditioner size calculator,USD,50,-100%,-100%,Unknown,,,,,,,,,,,,,,,,,,,,
central air btu calculator,USD,50,0%,0%,High,71,,,,,,,,,,,,,,,,,,,
estimate ac tonnage,USD,5000,0%,0%,Low,20,0.57,3.20,,,,,,,,,,,,,,,,,
hvac cooling capacity calculation,USD,50,0%,0%,Low,5,,,,,,,,,,,,,,,,,,,
heating cooling calculator,USD,50,0%,0%,Low,24,0.76,3.20,,,,,,,,,,,,,,,,,
sizing heating and cooling systems calculator,USD,50,0%,0%,High,86,,,,,,,,,,,,,,,,,,,
mini split air conditioner calculator,USD,500,0%,0%,Low,23,0.34,1.26,,,,,,,,,,,,,,,,,
hvac duct sizer,USD,500,0%,0%,Low,13,0.88,8.42,,,,,,,,,,,,,,,,,
btu calculator hvac,USD,50,0%,0%,Medium,53,0.40,3.20,,,,,,,,,,,,,,,,,
duct air flow calculator,USD,50,0%,0%,Low,5,,,,,,,,,,,,,,,,,,,
home heat load calculator,USD,50,0%,0%,Medium,57,0.65,5.76,,,,,,,,,,,,,,,,,
calculate size of air conditioner for house,USD,50,0%,0%,Medium,63,0.49,4.83,,,,,,,,,,,,,,,,,
tonnage of ac per square foot,USD,500,0%,-90%,Medium,33,0.34,4.35,,,,,,,,,,,,,,,,,
size of ac needed,USD,50,0%,0%,Medium,55,0.28,5.85,,,,,,,,,,,,,,,,,
1 ton ac area calculation,USD,50,0%,0%,Unknown,,,,,,,,,,,,,,,,,,,,
1 ton ac calculation,USD,50,0%,0%,Unknown,,,,,,,,,,,,,,,,,,,,
1 ton ac per square feet,USD,50,0%,∞,Low,0,,,,,,,,,,,,,,,,,,,
a guide to hvac building services calculations,USD,50,0%,0%,Unknown,,,,,,,,,,,,,,,,,,,,
ac compressor size calculator,USD,50,0%,0%,Low,2,,,,,,,,,,,,,,,,,,,
ac compressor tonnage calculator,USD,50,0%,0%,Medium,57,,,,,,,,,,,,,,,,,,,
ac condenser size calculator,USD,50,0%,0%,Low,24,0.48,1.34,,,,,,,,,,,,,,,,,
ac cooling load calculation,USD,50,0%,0%,Low,31,0.80,3.65,,,,,,,,,,,,,,,,,
ac duct design calculator,USD,50,0%,0%,Low,17,1.25,3.00,,,,,,,,,,,,,,,,,
ac duct size calculator,USD,50,0%,0%,Low,17,1.25,3.00,,,,,,,,,,,,,,,,,
ac duct sizing calculator,USD,50,0%,0%,Low,17,1.25,3.00,,,,,,,,,,,,,,,,,
ac furnace size calculator,USD,50,0%,∞,Medium,57,,,,,,,,,,,,,,,,,,,
ac heat load calculation formula,USD,50,-100%,-100%,Unknown,,,,,,,,,,,,,,,,,,,,
ac load calculation for room,USD,50,-100%,-100%,Unknown,,,,,,,,,,,,,,,,,,,,
ac manual j calculation,USD,50,-100%,-100%,Unknown,,,,,,,,,,,,,,,,,,,,
ac room size and tonnage,USD,0,0%,0%,Unknown,,,,,,,,,,,,,,,,,,,,
ac room size ton,USD,50,0%,0%,Unknown,,,,,,,,,,,,,,,,,,,,
ac size calculator ton,USD,50,0%,0%,Medium,63,,,,,,,,,,,,,,,,,,,
ac square footage per ton,USD,500,0%,-90%,Medium,33,0.34,4.35,,,,,,,,,,,,,,,,,
ac ton according to room size,USD,50,0%,0%,Low,0,,,,,,,,,,,,,,,,,,,
ac ton and room size,USD,50,0%,0%,Low,12,,,,,,,,,,,,,,,,,,,
ac ton based on room size,USD,50,0%,-100%,Unknown,,,,,,,,,,,,,,,,,,,,
ac ton by room size,USD,50,0%,0%,High,71,,,,,,,,,,,,,,,,,,,
ac ton calculation according to room size,USD,0,0%,0%,Unknown,,,,,,,,,,,,,,,,,,,,
ac ton calculation for room,USD,50,0%,0%,Low,29,,,,,,,,,,,,,,,,,,,
ac ton calculation for room size,USD,50,0%,0%,Low,13,0.35,1.34,,,,,,,,,,,,,,,,,
ac ton calculation formula,USD,50,-100%,-100%,Unknown,,,,,,,,,,,,,,,,,,,,
ac ton capacity calculation,USD,50,0%,-100%,Unknown,,,,,,,,,,,,,,,,,,,,
ac ton for room size,USD,50,0%,0%,Low,12,,,,,,,,,,,,,,,,,,,
ac ton requirement calculator,USD,50,0%,0%,Medium,48,,,,,,,,,,,,,,,,,,,
ac ton size per sq ft,USD,50,0%,0%,Low,16,,,,,,,,,,,,,,,,,,,
ac ton with room size,USD,50,-100%,-100%,Unknown,,,,,,,,,,,,,,,,,,,,
ac tonnage and room size,USD,50,0%,0%,Medium,34,,,,,,,,,,,,,,,,,,,
ac tonnage by room size,USD,50,0%,0%,Unknown,,,,,,,,,,,,,,,,,,,,
ac tonnage calculation for room,USD,50,0%,0%,Unknown,,,,,,,,,,,,,,,,,,,,
ac tonnage calculation formula,USD,50,0%,0%,Low,25,0.60,8.45,,,,,,,,,,,,,,,,,
ac tonnage calculator commercial,USD,50,0%,0%,Low,26,1.52,4.96,,,,,,,,,,,,,,,,,
ac tonnage calculator per square meter,USD,50,0%,0%,Low,14,,,,,,,,,,,,,,,,,,,
ac tonnage for room size,USD,50,0%,0%,Low,12,0.04,4.16,,,,,,,,,,,,,,,,,
ac tonnage formula,USD,50,∞,0%,Low,0,,,,,,,,,,,,,,,,,,,
ac tonnage per square foot calculator,USD,500,0%,0%,Low,19,0.36,3.20,,,,,,,,,,,,,,,,,
ac tonnage required for a room calculation,USD,50,0%,0%,Unknown,,,,,,,,,,,,,,,,,,,,
ac tonnage requirement calculation,USD,50,-100%,-100%,Unknown,,,,,,,,,,,,,,,,,,,,
ac tonnage size,USD,50,0%,0%,Low,7,,,,,,,,,,,,,,,,,,,
ac tonnage to room size,USD,50,0%,0%,Low,12,0.04,4.16,,,,,,,,,,,,,,,,,
ac tonnage to square footage,USD,500,0%,0%,Medium,39,0.31,2.96,,,,,,,,,,,,,,,,,
ac tons for square footage,USD,500,0%,0%,Medium,39,0.31,2.96,,,,,,,,,,,,,,,,,
ac unit seer calculator,USD,50,-100%,-100%,Unknown,,,,,,,,,,,,,,,,,,,,
ac unit size calculator ton,USD,50,0%,0%,Medium,63,,,,,,,,,,,,,,,,,,,
acca manual j free,USD,50,0%,0%,Medium,46,0.93,4.45,,,,,,,,,,,,,,,,,
adi duct size calculator,USD,50,0%,0%,Low,27,,,,,,,,,,,,,,,,,,,
ahu calculation excel,USD,0,0%,0%,Unknown,,,,,,,,,,,,,,,,,,,,
ahu capacity calculation,USD,50,0%,-100%,Unknown,,,,,,,,,,,,,,,,,,,,
ahu cfm calculation,USD,50,0%,0%,Low,0,,,,,,,,,,,,,,,,,,,
ahu cfm calculation formula,USD,50,0%,-100%,Unknown,,,,,,,,,,,,,,,,,,,,
ahu cfm calculator,USD,50,0%,-100%,Unknown,,,,,,,,,,,,,,,,,,,,
ahu duct size calculation,USD,50,0%,0%,Unknown,,,,,,,,,,,,,,,,,,,,
ahu heat load calculation,USD,0,0%,0%,Unknown,,,,,,,,,,,,,,,,,,,,
ahu room size calculator,USD,50,∞,0%,High,71,,,,,,,,,,,,,,,,,,,
ahu size calculation,USD,50,-100%,0%,Unknown,,,,,,,,,,,,,,,,,,,,
ahu static pressure calculation,USD,50,0%,∞,Low,0,,,,,,,,,,,,,,,,,,,
ahu tonnage calculation,USD,50,-100%,-100%,Unknown,,,,,,,,,,,,,,,,,,,,
air conditioner based on room size,USD,50,0%,0%,High,92,0.06,1.68,,,,,,,,,,,,,,,,,
air conditioner capacity calculation,USD,500,0%,0%,Low,14,0.61,2.90,,,,,,,,,,,,,,,,,
air conditioner cfm calculator,USD,50,0%,0%,Low,14,0.90,3.23,,,,,,,,,,,,,,,,,
air conditioner condenser sizing calculator,USD,50,0%,0%,Low,24,0.48,1.34,,,,,,,,,,,,,,,,,
air conditioner cooling capacity calculation,USD,50,0%,0%,Low,31,,,,,,,,,,,,,,,,,,,
air conditioner cost estimate,USD,50,0%,0%,High,86,,,,,,,,,,,,,,,,,,,
air conditioner estimate size,USD,5000,0%,0%,Low,25,0.49,2.31,,,,,,,,,,,,,,,,,
air conditioner heat load calculation,USD,50,0%,0%,Low,16,1.13,7.33,,,,,,,,,,,,,,,,,
air conditioner replacement cost estimate,USD,50,0%,0%,Medium,62,3.44,19.09,,,,,,,,,,,,,,,,,
air conditioner requirement calculation,USD,50,0%,0%,Low,14,,,,,,,,,,,,,,,,,,,
air conditioner seer calculator,USD,50,0%,0%,Low,13,2.79,7.43,,,,,,,,,,,,,,,,,
air conditioner square feet calculator,USD,500,900%,0%,Low,31,0.24,1.89,,,,,,,,,,,,,,,,,
air conditioner ton calculation room size,USD,50,0%,-100%,Unknown,,,,,,,,,,,,,,,,,,,,
air conditioner unit calculator,USD,5000,0%,0%,Low,18,0.49,2.55,,,,,,,,,,,,,,,,,
air conditioner unit size per square foot,USD,500,900%,0%,Medium,62,0.27,3.49,,,,,,,,,,,,,,,,,
air conditioning air flow calculation,USD,50,∞,0%,Low,14,,,,,,,,,,,,,,,,,,,
air conditioning area calculation,USD,50,0%,0%,Medium,46,,,,,,,,,,,,,,,,,,,
air conditioning calculation for a room,USD,50,0%,0%,Low,22,0.07,2.79,,,,,,,,,,,,,,,,,
air conditioning calculator excel,USD,50,-100%,-100%,Unknown,,,,,,,,,,,,,,,,,,,,
air conditioning cfm per square foot,USD,50,0%,0%,Low,19,0.30,4.60,,,,,,,,,,,,,,,,,
air conditioning contractors of america manual j load calculation,USD,50,-100%,-100%,Unknown,,,,,,,,,,,,,,,,,,,,
air conditioning cooling load calculation,USD,50,0%,0%,Low,31,0.80,3.65,,,,,,,,,,,,,,,,,
air conditioning duct calculator,USD,50,0%,0%,Low,17,0.58,4.33,,,,,,,,,,,,,,,,,
air conditioning duct design calculation,USD,50,0%,-100%,Unknown,,,,,,,,,,,,,,,,,,,,
air conditioning duct size calculator,USD,50,0%,0%,Low,17,1.25,3.00,,,,,,,,,,,,,,,,,
air conditioning horsepower calculation,USD,50,∞,0%,Low,21,,,,,,,,,,,,,,,,,,,
air conditioning load calculator online,USD,50,0%,0%,Medium,45,0.76,3.20,,,,,,,,,,,,,,,,,
air conditioning needed per square foot,USD,50,∞,0%,High,86,,,,,,,,,,,,,,,,,,,
air conditioning required per square foot,USD,50,∞,0%,High,69,0.19,3.72,,,,,,,,,,,,,,,,,
air conditioning savings calculator,USD,50,0%,0%,Low,14,,,,,,,,,,,,,,,,,,,
air conditioning space calculator,USD,50,0%,0%,Medium,43,0.37,5.50,,,,,,,,,,,,,,,,,
air conditioning ton to btu,USD,500,0%,0%,Low,16,0.13,1.65,,,,,,,,,,,,,,,,,
air conditioning tonnage calculator square feet,USD,50,∞,0%,Medium,38,,,,,,,,,,,,,,,,,,,
air conditioning units btu calculation,USD,50,0%,0%,Medium,36,,,,,,,,,,,,,,,,,,,
air duct calculator online,USD,500,0%,0%,Low,5,1.33,6.05,,,,,,,,,,,,,,,,,
air duct cfm calculator,USD,5000,0%,0%,Low,7,1.17,4.14,,,,,,,,,,,,,,,,,
air duct design calculator,USD,5000,0%,0%,Low,7,1.00,5.97,,,,,,,,,,,,,,,,,
air duct pressure drop calculation,USD,50,0%,0%,Unknown,,,,,,,,,,,,,,,,,,,,
air duct size calculator,USD,5000,0%,0%,Low,7,1.00,5.97,,,,,,,,,,,,,,,,,
air duct size calculator online,USD,500,0%,-90%,Low,10,0.87,8.26,,,,,,,,,,,,,,,,,
air ductulator,USD,50,0%,0%,High,69,,,,,,,,,,,,,,,,,,,
air flow in duct calculation,USD,50,0%,0%,Low,14,,,,,,,,,,,,,,,,,,,
air handler size calculator,USD,50,0%,0%,Low,18,,,,,,,,,,,,,,,,,,,
air handler tonnage calculator,USD,50,0%,0%,Low,7,,,,,,,,,,,,,,,,,,,
air handling unit calculation,USD,50,0%,0%,Low,31,,,,,,,,,,,,,,,,,,,
air handling unit capacity calculation,USD,50,-100%,-100%,Unknown,,,,,,,,,,,,,,,,,,,,
air handling unit design calculation,USD,50,0%,0%,Unknown,,,,,,,,,,,,,,,,,,,,
air handling unit room size,USD,50,0%,0%,Low,5,,,,,,,,,,,,,,,,,,,
air handling unit size calculation,USD,50,-100%,-100%,Unknown,,,,,,,,,,,,,,,,,,,,
airflow duct calculator,USD,50,0%,0%,Low,5,,,,,,,,,,,,,,,,,,,
area of duct calculator,USD,50,0%,0%,Low,2,,,,,,,,,,,,,,,,,,,
ashp calculator,USD,50,0%,0%,Low,0,,,,,,,,,,,,,,,,,,,
ashrae duct calculator,USD,50,0%,0%,Low,0,,,,,,,,,,,,,,,,,,,
ashrae duct size calculator,USD,50,0%,0%,Low,0,,,,,,,,,,,,,,,,,,,
basement hvac calculator,USD,50,-100%,-100%,Unknown,,,,,,,,,,,,,,,,,,,,
basic heat load calculation,USD,50,-100%,-100%,Unknown,,,,,,,,,,,,,,,,,,,,
basic hvac formulas,USD,50,0%,0%,Low,7,,,,,,,,,,,,,,,,,,,
btu calculator for central air conditioning,USD,50,0%,0%,Low,19,0.59,3.20,,,,,,,,,,,,,,,,,
btu calculator for ductless air conditioner,USD,50,0%,0%,Medium,46,0.18,1.04,,,,,,,,,,,,,,,,,
btu for room size air conditioner,USD,500,0%,0%,High,87,0.08,0.94,,,,,,,,,,,,,,,,,
btu formula for air conditioner,USD,50,0%,0%,Low,8,,,,,,,,,,,,,,,,,,,
btu formula hvac,USD,50,0%,0%,Low,7,,,,,,,,,,,,,,,,,,,
btu heat load calculator,USD,50,0%,0%,Low,32,,,,,,,,,,,,,,,,,,,
btu per square foot air conditioning,USD,500,0%,0%,Medium,51,0.13,1.40,,,,,,,,,,,,,,,,,
btu room size ac,USD,500,0%,0%,High,87,0.08,0.94,,,,,,,,,,,,,,,,,
btu size air conditioner,USD,500,900%,0%,High,88,0.10,1.62,,,,,,,,,,,,,,,,,
btu to ac tonnage calculator,USD,50,0%,0%,Low,29,0.61,2.14,,,,,,,,,,,,,,,,,
building cooling load,USD,50,0%,0%,Low,5,,,,,,,,,,,,,,,,,,,
building cooling load calculation,USD,50,0%,0%,Low,4,,,,,,,,,,,,,,,,,,,
building heat load calculation,USD,50,0%,0%,Medium,57,1.11,2.78,,,,,,,,,,,,,,,,,
calculate ac ton for room,USD,50,-100%,-100%,Unknown,,,,,,,,,,,,,,,,,,,,
calculate ac ton requirement,USD,50,∞,∞,High,71,,,,,,,,,,,,,,,,,,,
calculate ac tonnage needed,USD,50,0%,0%,Medium,62,,,,,,,,,,,,,,,,,,,
calculate air conditioner btu needed,USD,50,0%,0%,Medium,43,0.09,1.06,,,,,,,,,,,,,,,,,
calculate air conditioner cost per hour,USD,50,∞,0%,Low,0,,,,,,,,,,,,,,,,,,,
calculate airflow in ductwork,USD,50,0%,0%,Unknown,,,,,,,,,,,,,,,,,,,,
calculate cfm for air conditioning,USD,50,0%,0%,Low,0,,,,,,,,,,,,,,,,,,,
calculate cfm for room,USD,500,0%,0%,Low,11,0.08,3.18,,,,,,,,,,,,,,,,,
calculate duct area,USD,50,0%,0%,Low,2,,,,,,,,,,,,,,,,,,,
calculate duct size based on cfm,USD,50,∞,∞,Low,0,,,,,,,,,,,,,,,,,,,
calculate duct size for room,USD,50,0%,0%,Low,23,,,,,,,,,,,,,,,,,,,
calculate duct static pressure,USD,500,0%,0%,Low,4,1.50,3.40,,,,,,,,,,,,,,,,,
calculate ducted air conditioner size,USD,50,∞,∞,High,86,,,,,,,,,,,,,,,,,,,
calculate eer hvac,USD,50,0%,0%,Low,7,,,,,,,,,,,,,,,,,,,
calculate eer of air conditioner,USD,50,0%,0%,Low,0,,,,,,,,,,,,,,,,,,,
calculate heat load btu hr,USD,50,0%,-100%,Unknown,,,,,,,,,,,,,,,,,,,,
calculate heat load for a room,USD,50,0%,0%,Medium,43,0.37,2.73,,,,,,,,,,,,,,,,,
calculate heat load of a room,USD,50,∞,0%,Medium,43,,,,,,,,,,,,,,,,,,,
calculate hvac size for house,USD,50,0%,0%,High,95,0.98,7.46,,,,,,,,,,,,,,,,,
calculate return air duct size,USD,500,0%,0%,Low,7,0.91,6.64,,,,,,,,,,,,,,,,,
calculate room size for ac,USD,500,0%,0%,Medium,42,0.07,1.27,,,,,,,,,,,,,,,,,
calculate size of ac needed,USD,50,0%,0%,High,75,0.54,3.18,,,,,,,,,,,,,,,,,
calculate size of ac unit needed,USD,50,0%,0%,High,75,0.54,3.18,,,,,,,,,,,,,,,,,
calculate size of air conditioner needed,USD,50,0%,0%,Medium,64,,,,,,,,,,,,,,,,,,,
calculate size of central air conditioner needed,USD,0,0%,-100%,Unknown,,,,,,,,,,,,,,,,,,,,
calculate weight of ductwork,USD,50,0%,0%,Low,0,,,,,,,,,,,,,,,,,,,
calculating ac tonnage required,USD,50,0%,0%,Medium,62,,,,,,,,,,,,,,,,,,,
calculating cfm for ductwork,USD,50,0%,0%,Low,11,,,,,,,,,,,,,,,,,,,
calculating ductwork size,USD,5000,0%,0%,Low,7,1.00,5.97,,,,,,,,,,,,,,,,,
calculating heat load for a house,USD,50,0%,0%,Medium,57,0.56,1.85,,,,,,,,,,,,,,,,,
calculating static pressure in ductwork,USD,500,0%,0%,Low,4,1.50,3.40,,,,,,,,,,,,,,,,,
calculation for air conditioner for room,USD,50,0%,0%,Low,29,,,,,,,,,,,,,,,,,,,
calculation of heat load in air conditioning,USD,50,0%,0%,Unknown,,,,,,,,,,,,,,,,,,,,
calculator ducting,USD,50,-100%,0%,Unknown,,,,,,,,,,,,,,,,,,,,
carrier duct calculator,USD,50,0%,0%,Low,22,,,,,,,,,,,,,,,,,,,
central ac btu per square foot,USD,50,∞,0%,Low,29,,,,,,,,,,,,,,,,,,,
central ac capacity calculator,USD,50,0%,-100%,Unknown,,,,,,,,,,,,,,,,,,,,
central ac load calculation,USD,50,∞,0%,Low,10,,,,,,,,,,,,,,,,,,,
central ac unit btu calculator,USD,50,0%,0%,Low,14,,,,,,,,,,,,,,,,,,,
central ac unit calculator,USD,500,0%,900%,Low,8,0.50,4.09,,,,,,,,,,,,,,,,,
central air and furnace installation cost calculator,USD,50,0%,0%,High,86,,,,,,,,,,,,,,,,,,,
central air btu per square foot,USD,50,0%,0%,High,71,,,,,,,,,,,,,,,,,,,
central air conditioner seer calculator,USD,50,∞,0%,Low,29,,,,,,,,,,,,,,,,,,,
central air conditioner size per square foot,USD,50,0%,-100%,Unknown,,,,,,,,,,,,,,,,,,,,
central air conditioner square footage calculator,USD,50,0%,0%,Low,14,,,,,,,,,,,,,,,,,,,
central air conditioner wattage calculator,USD,50,∞,0%,Low,0,,,,,,,,,,,,,,,,,,,
central air size for square footage,USD,50,∞,∞,High,71,,,,,,,,,,,,,,,,,,,
central air size per square foot,USD,50,∞,0%,Medium,50,,,,,,,,,,,,,,,,,,,
central air square footage calculator,USD,50,0%,-100%,Unknown,,,,,,,,,,,,,,,,,,,,
central air ton calculator,USD,50,0%,0%,High,86,,,,,,,,,,,,,,,,,,,
central air tonnage calculator,USD,50,0%,0%,Medium,43,0.33,4.71,,,,,,,,,,,,,,,,,
central air unit calculator,USD,50,∞,0%,Low,25,,,,,,,,,,,,,,,,,,,
central heat and air calculator,USD,50,-100%,-100%,Unknown,,,,,,,,,,,,,,,,,,,,
central heat and air sizing calculator,USD,50,0%,-100%,Unknown,,,,,,,,,,,,,,,,,,,,
cfm calculation in ahu,USD,0,0%,0%,Unknown,,,,,,,,,,,,,,,,,,,,
cfm formula for hvac,USD,50,0%,0%,Low,6,0.81,4.46,,,,,,,,,,,,,,,,,
cfm formula in hvac,USD,50,0%,0%,Low,0,,,,,,,,,,,,,,,,,,,
cfm formula of ahu,USD,0,0%,0%,Unknown,,,,,,,,,,,,,,,,,,,,
cfm heat load calculation,USD,50,0%,0%,Medium,43,,,,,,,,,,,,,,,,,,,
cfm hvac formula,USD,50,0%,0%,Low,6,0.81,4.46,,,,,,,,,,,,,,,,,
cfm per square foot hvac,USD,50,0%,0%,Low,9,,,,,,,,,,,,,,,,,,,
cold room cooling load calculation,USD,50,0%,∞,Low,0,,,,,,,,,,,,,,,,,,,
cold room heat load calculation,USD,50,∞,0%,High,71,,,,,,,,,,,,,,,,,,,
commercial air conditioner size calculator,USD,50,0%,0%,Low,14,,,,,,,,,,,,,,,,,,,
commercial air conditioning calculator,USD,50,0%,0%,Medium,57,1.27,8.71,,,,,,,,,,,,,,,,,
commercial cooling load calculator,USD,50,0%,0%,Medium,54,0.73,2.69,,,,,,,,,,,,,,,,,
commercial kitchen cooling load calculation,USD,50,0%,∞,Low,18,,,,,,,,,,,,,,,,,,,
common hvac formulas,USD,50,0%,0%,Low,5,,,,,,,,,,,,,,,,,,,
compression ratio calculator hvac,USD,50,0%,0%,Low,4,,,,,,,,,,,,,,,,,,,
compression ratio formula hvac,USD,50,0%,0%,Low,0,,,,,,,,,,,,,,,,,,,
cooling and heating load,USD,50,0%,0%,Low,15,,,,,,,,,,,,,,,,,,,
cooling and heating load calculation manual,USD,50,0%,0%,Medium,39,,,,,,,,,,,,,,,,,,,
cooling capacity calculation for air conditioner,USD,50,-100%,-100%,Unknown,,,,,,,,,,,,,,,,,,,,
cooling coil load calculation,USD,50,-100%,-100%,Unknown,,,,,,,,,,,,,,,,,,,,
cooling load,USD,50,0%,-90%,Low,2,,,,,,,,,,,,,,,,,,,
cooling load and heating load,USD,50,0%,∞,Low,14,,,,,,,,,,,,,,,,,,,
cooling load calculation excel,USD,50,0%,0%,Low,0,,,,,,,,,,,,,,,,,,,
cooling load calculation for room,USD,50,0%,0%,Low,7,,,,,,,,,,,,,,,,,,,
cooling load calculation formula,USD,50,0%,0%,Low,4,,,,,,,,,,,,,,,,,,,
cooling load calculation in hvac systems,USD,0,0%,0%,Unknown,,,,,,,,,,,,,,,,,,,,
cooling load calculation online,USD,50,∞,0%,Medium,39,,,,,,,,,,,,,,,,,,,
cooling load for air conditioning,USD,50,0%,0%,Low,2,,,,,,,,,,,,,,,,,,,
cooling load formula,USD,50,0%,0%,Low,3,,,,,,,,,,,,,,,,,,,
cooling load per square foot,USD,50,0%,0%,Low,6,,,,,,,,,,,,,,,,,,,
cooling tower heat load calculation,USD,50,-100%,-100%,Unknown,,,,,,,,,,,,,,,,,,,,
cooling tower heat load calculation formula,USD,0,0%,0%,Unknown,,,,,,,,,,,,,,,,,,,,
cost savings seer calculator,USD,50,0%,0%,Low,21,,,,,,,,,,,,,,,,,,,
cubic feet air conditioner,USD,50,0%,-100%,Unknown,,,,,,,,,,,,,,,,,,,,
daikin duct sizer,USD,50,0%,0%,Low,8,,,,,,,,,,,,,,,,,,,
data center hvac calculator,USD,50,0%,-100%,Unknown,,,,,,,,,,,,,,,,,,,,
delta t formula hvac,USD,50,0%,0%,Low,2,,,,,,,,,,,,,,,,,,,
design heat load,USD,50,0%,0%,Low,24,,,,,,,,,,,,,,,,,,,
determining ac tonnage,USD,5000,0%,0%,Low,20,0.57,3.20,,,,,,,,,,,,,,,,,
determining air conditioner size,USD,5000,0%,0%,Low,25,0.49,2.31,,,,,,,,,,,,,,,,,
determining size of ac unit,USD,50,0%,0%,Medium,35,0.49,8.74,,,,,,,,,,,,,,,,,
determining tonnage of ac units,USD,50,0%,0%,Low,14,,,,,,,,,,,,,,,,,,,
download duct sizer,USD,50,0%,0%,Low,14,,,,,,,,,,,,,,,,,,,
duct area calculator excel,USD,50,-100%,-100%,Unknown,,,,,,,,,,,,,,,,,,,,
duct aspect ratio calculator,USD,50,0%,0%,Low,0,,,,,,,,,,,,,,,,,,,
duct board calculator,USD,50,0%,0%,Low,8,,,,,,,,,,,,,,,,,,,
duct calculator excel,USD,50,0%,-100%,Unknown,,,,,,,,,,,,,,,,,,,,
duct calculator free,USD,50,0%,0%,Low,29,,,,,,,,,,,,,,,,,,,
duct calculator hvac,USD,500,0%,900%,Low,7,0.66,4.93,,,,,,,,,,,,,,,,,
duct cost calculator,USD,50,0%,0%,Low,33,,,,,,,,,,,,,,,,,,,
duct diameter calculator,USD,50,0%,0%,Low,14,0.60,3.00,,,,,,,,,,,,,,,,,
duct equivalent size calculator,USD,50,0%,0%,Low,2,,,,,,,,,,,,,,,,,,,
duct external static pressure calculation,USD,50,-100%,-100%,Unknown,,,,,,,,,,,,,,,,,,,,
duct fitting calculator,USD,50,0%,0%,Low,10,,,,,,,,,,,,,,,,,,,
duct fitting equivalent length calculator,USD,50,0%,0%,Low,0,,,,,,,,,,,,,,,,,,,
duct fitting loss calculator,USD,50,0%,0%,Low,8,,,,,,,,,,,,,,,,,,,
duct friction calculator,USD,50,0%,0%,Low,0,,,,,,,,,,,,,,,,,,,
duct heat gain calculation,USD,50,0%,0%,Low,29,,,,,,,,,,,,,,,,,,,
duct insulation calculation formula,USD,50,∞,∞,Low,14,,,,,,,,,,,,,,,,,,,
duct length calculator,USD,50,0%,0%,Low,3,,,,,,,,,,,,,,,,,,,
duct measurement calculator,USD,50,0%,0%,Low,0,,,,,,,,,,,,,,,,,,,
duct offset calculator,USD,500,-90%,-90%,Low,5,0.86,3.00,,,,,,,,,,,,,,,,,
duct plenum size calculator,USD,50,0%,0%,Low,0,,,,,,,,,,,,,,,,,,,
duct pressure calculator,USD,50,0%,0%,Low,0,,,,,,,,,,,,,,,,,,,
duct quantity calculation,USD,50,0%,0%,Unknown,,,,,,,,,,,,,,,,,,,,
duct reducer area calculation,USD,0,0%,0%,Unknown,,,,,,,,,,,,,,,,,,,,
duct size calculation for hvac,USD,50,0%,∞,Medium,57,,,,,,,,,,,,,,,,,,,
duct size calculator mcquay,USD,50,0%,0%,Medium,36,,,,,,,,,,,,,,,,,,,
duct size to cfm calculator,USD,500,0%,0%,Low,9,0.76,4.75,,,,,,,,,,,,,,,,,
duct sizer download free,USD,50,0%,0%,Unknown,,,,,,,,,,,,,,,,,,,,
duct sizer mcquay online,USD,50,0%,-100%,Unknown,,,,,,,,,,,,,,,,,,,,
duct sizing duct calculation,USD,50,∞,0%,Low,14,,,,,,,,,,,,,,,,,,,
duct square feet calculation formula,USD,50,0%,0%,Low,8,,,,,,,,,,,,,,,,,,,
duct square meter calculation,USD,0,0%,0%,Unknown,,,,,,,,,,,,,,,,,,,,
duct square meter calculator,USD,50,∞,∞,Low,14,,,,,,,,,,,,,,,,,,,
duct surface area calculator,USD,50,0%,0%,Low,1,,,,,,,,,,,,,,,,,,,
duct system calculator,USD,50,0%,0%,Low,22,,,,,,,,,,,,,,,,,,,
duct thickness calculation,USD,50,0%,-100%,Unknown,,,,,,,,,,,,,,,,,,,,
duct u lator,USD,5000,0%,0%,Low,19,0.67,4.40,,,,,,,,,,,,,,,,,
duct volume calculator,USD,50,0%,0%,Low,4,,,,,,,,,,,,,,,,,,,
duct weight calculation,USD,50,0%,0%,Low,3,,,,,,,,,,,,,,,,,,,
duct wheel calculator,USD,50,-100%,-100%,Unknown,,,,,,,,,,,,,,,,,,,,
ducted air conditioning sizing,USD,50,∞,∞,Medium,43,,,,,,,,,,,,,,,,,,,
ducting calculation formula,USD,50,0%,0%,Low,14,,,,,,,,,,,,,,,,,,,
ducting square meter calculation,USD,0,0%,0%,Unknown,,,,,,,,,,,,,,,,,,,,
ducting weight calculator,USD,50,0%,0%,Low,3,,,,,,,,,,,,,,,,,,,
ductless air conditioner calculator,USD,50,∞,0%,Medium,43,,,,,,,,,,,,,,,,,,,
ductulator calculator,USD,500,900%,900%,Low,8,0.76,3.86,,,,,,,,,,,,,,,,,
ductulator excel,USD,50,∞,0%,Low,5,,,,,,,,,,,,,,,,,,,
ductulator free download,USD,50,∞,0%,High,86,,,,,,,,,,,,,,,,,,,
ductulator mcquay,USD,50,0%,0%,Low,25,,,,,,,,,,,,,,,,,,,
ductwork air flow calculator,USD,50,0%,0%,Low,5,,,,,,,,,,,,,,,,,,,
ductwork airflow calculator,USD,50,0%,0%,Low,8,0.48,3.00,,,,,,,,,,,,,,,,,
ductwork calculator cfm,USD,5000,0%,0%,Low,7,1.17,4.14,,,,,,,,,,,,,,,,,
ductwork calculator online,USD,500,0%,0%,Low,5,1.33,6.05,,,,,,,,,,,,,,,,,
ductwork formulas,USD,50,0%,0%,Low,7,,,,,,,,,,,,,,,,,,,
ductwork pressure drop calculator,USD,50,0%,-90%,Low,2,,,,,,,,,,,,,,,,,,,
ductwork pricing calculator,USD,50,0%,0%,High,79,2.03,5.37,,,,,,,,,,,,,,,,,
ductwork size calculator,USD,5000,0%,0%,Low,7,1.00,5.97,,,,,,,,,,,,,,,,,
ductwork sizing calculation and design for efficiency,USD,50,0%,0%,Unknown,,,,,,,,,,,,,,,,,,,,
ductwork weight calculator,USD,50,0%,0%,Low,3,,,,,,,,,,,,,,,,,,,
e20 heat load calculation,USD,50,-100%,-100%,Unknown,,,,,,,,,,,,,,,,,,,,
e20 heat load calculation excel,USD,0,0%,0%,Unknown,,,,,,,,,,,,,,,,,,,,
easy heat load calculator,USD,50,0%,0%,Medium,61,2.51,7.37,,,,,,,,,,,,,,,,,
easy hvac load calculation,USD,50,0%,0%,High,76,2.13,15.52,,,,,,,,,,,,,,,,,
eer formula air conditioning,USD,50,0%,0%,Unknown,,,,,,,,,,,,,,,,,,,,
elite duct sizer,USD,50,0%,∞,Low,0,,,,,,,,,,,,,,,,,,,
energy star hvac calculator,USD,50,∞,∞,Low,1,,,,,,,,,,,,,,,,,,,
equipment heat load calculator,USD,50,0%,0%,Low,29,,,,,,,,,,,,,,,,,,,
esp calculation hvac,USD,50,0%,0%,Low,0,,,,,,,,,,,,,,,,,,,
esp calculation in hvac,USD,50,0%,0%,Low,0,,,,,,,,,,,,,,,,,,,
estimate cooling load,USD,500,0%,0%,Low,32,0.45,3.20,,,,,,,,,,,,,,,,,
estimate hvac installation costs,USD,50,0%,900%,High,70,2.22,13.40,,,,,,,,,,,,,,,,,
estimating for hvac,USD,500,0%,0%,High,76,13.26,67.01,,,,,,,,,,,,,,,,,
exhaust duct calculator,USD,50,-100%,-100%,Unknown,,,,,,,,,,,,,,,,,,,,
figuring ac tonnage,USD,5000,0%,0%,Low,20,0.57,3.20,,,,,,,,,,,,,,,,,
find ac tonnage,USD,50,0%,0%,Low,14,,,,,,,,,,,,,,,,,,,
find tonnage of ac,USD,50,0%,0%,Low,4,,,,,,,,,,,,,,,,,,,
flex duct calculator,USD,500,0%,0%,Low,2,0.73,3.13,,,,,,,,,,,,,,,,,
flex duct calculator online,USD,50,0%,0%,Low,4,,,,,,,,,,,,,,,,,,,
flexible duct calculator,USD,500,0%,0%,Low,2,0.73,3.13,,,,,,,,,,,,,,,,,
forced air furnace duct size calculation,USD,50,-100%,-100%,Unknown,,,,,,,,,,,,,,,,,,,,
formula for ac tonnage calculation,USD,50,0%,0%,Low,25,0.60,8.45,,,,,,,,,,,,,,,,,
formula for air conditioner size,USD,50,0%,0%,Medium,35,0.49,8.74,,,,,,,,,,,,,,,,,
free hvac calculator,USD,500,0%,0%,Medium,54,0.96,4.20,,,,,,,,,,,,,,,,,
free online ductulator,USD,50,900%,900%,Low,1,,,,,,,,,,,,,,,,,,,
free online hvac load calculator,USD,50,0%,0%,Medium,62,1.16,4.49,,,,,,,,,,,,,,,,,
free online manual j calculator,USD,50,0%,0%,Medium,61,1.11,4.36,,,,,,,,,,,,,,,,,
free online manual j load calculation,USD,50,0%,0%,Medium,48,0.97,1.90,,,,,,,,,,,,,,,,,
free residential hvac load calculation,USD,50,0%,-100%,Unknown,,,,,,,,,,,,,,,,,,,,
fresh air calculation in hvac,USD,50,0%,0%,Low,0,,,,,,,,,,,,,,,,,,,
fresh air cooling load calculation,USD,50,0%,-100%,Unknown,,,,,,,,,,,,,,,,,,,,
fresh air handling unit calculations,USD,0,0%,0%,Unknown,,,,,,,,,,,,,,,,,,,,
fresh air hvac sizing,USD,50,0%,0%,Low,2,,,,,,,,,,,,,,,,,,,
fresh air load calculation,USD,50,-100%,0%,Unknown,,,,,,,,,,,,,,,,,,,,
furnace ac size calculator,USD,50,0%,0%,Medium,34,0.27,2.30,,,,,,,,,,,,,,,,,
furnace duct size calculator,USD,50,0%,0%,Low,0,,,,,,,,,,,,,,,,,,,
furnace ductwork sizing,USD,50,0%,0%,Low,24,,,,,,,,,,,,,,,,,,,
furnace heat load calculation,USD,50,0%,∞,Medium,57,,,,,,,,,,,,,,,,,,,
furnace temperature rise calculation,USD,50,0%,0%,Low,0,,,,,,,,,,,,,,,,,,,
furnace ton calculator,USD,50,0%,0%,High,71,,,,,,,,,,,,,,,,,,,
geothermal heating and cooling calculator,USD,50,∞,0%,Low,0,,,,,,,,,,,,,,,,,,,
geothermal heating cost calculator,USD,50,0%,0%,Low,0,,,,,,,,,,,,,,,,,,,
gpm calculation in hvac,USD,50,0%,∞,Low,0,,,,,,,,,,,,,,,,,,,
gpm formula hvac,USD,50,0%,0%,Low,0,,,,,,,,,,,,,,,,,,,
gpm formula in hvac,USD,50,0%,-100%,Unknown,,,,,,,,,,,,,,,,,,,,
heat and cooling load calculations,USD,500,0%,0%,Medium,53,1.19,5.72,,,,,,,,,,,,,,,,,
heat calculation in hvac,USD,50,0%,∞,Medium,57,1.70,4.68,,,,,,,,,,,,,,,,,
heat duct calculator,USD,50,0%,0%,Low,0,,,,,,,,,,,,,,,,,,,
heat load and cooling load calculations,USD,50,0%,0%,High,69,1.16,4.75,,,,,,,,,,,,,,,,,
heat load calculation commercial building,USD,50,0%,0%,High,86,,,,,,,,,,,,,,,,,,,
heat load calculation for air conditioning excel,USD,50,0%,0%,Unknown,,,,,,,,,,,,,,,,,,,,
heat load calculation for hvac system,USD,50,0%,0%,Low,5,,,,,,,,,,,,,,,,,,,
heat load calculation for room,USD,50,0%,0%,Medium,43,0.37,2.73,,,,,,,,,,,,,,,,,
heat load calculation formula for air conditioning,USD,50,0%,-100%,Unknown,,,,,,,,,,,,,,,,,,,,
heat load calculation formula for hvac design,USD,50,0%,-100%,Unknown,,,,,,,,,,,,,,,,,,,,
heat load calculation formula in hvac,USD,50,0%,0%,Low,5,,,,,,,,,,,,,,,,,,,
heat load calculation of a room,USD,0,0%,0%,Unknown,,,,,,,,,,,,,,,,,,,,
heat load calculation of heat exchanger,USD,0,0%,0%,Unknown,,,,,,,,,,,,,,,,,,,,
heat load formula,USD,50,0%,0%,Low,6,,,,,,,,,,,,,,,,,,,
heat load formula hvac,USD,50,0%,0%,Low,14,,,,,,,,,,,,,,,,,,,
heat loss heat gain calculations,USD,50,0%,0%,Low,33,0.84,6.17,,,,,,,,,,,,,,,,,
heat loss load calculator,USD,50,0%,0%,Low,29,,,,,,,,,,,,,,,,,,,
heat pump ductwork sizing,USD,50,0%,0%,Low,4,,,,,,,,,,,,,,,,,,,
heat pump seer rating calculator,USD,50,0%,0%,Low,24,,,,,,,,,,,,,,,,,,,
heating and air conditioning calculator,USD,50,∞,0%,Medium,57,,,,,,,,,,,,,,,,,,,
heating and air conditioning size calculator,USD,50,0%,0%,Medium,57,,,,,,,,,,,,,,,,,,,
heating and cooling btu calculator,USD,500,0%,0%,Low,19,0.36,3.20,,,,,,,,,,,,,,,,,
heating and cooling calculator size,USD,5000,900%,900%,Low,16,0.64,3.71,,,,,,,,,,,,,,,,,
heating and cooling capacity calculator,USD,50,0%,∞,Medium,50,,,,,,,,,,,,,,,,,,,
heating and cooling square footage calculator,USD,50,0%,∞,Medium,46,0.25,1.57,,,,,,,,,,,,,,,,,
heating duct size calculator,USD,50,0%,∞,Low,17,,,,,,,,,,,,,,,,,,,
heating load and cooling load,USD,50,0%,0%,Low,15,,,,,,,,,,,,,,,,,,,
home ac estimate,USD,50,0%,0%,High,97,12.22,62.14,,,,,,,,,,,,,,,,,
home air conditioner calculator,USD,50,0%,0%,Medium,62,0.46,2.53,,,,,,,,,,,,,,,,,
home air conditioning cost calculator,USD,50,0%,-100%,Unknown,,,,,,,,,,,,,,,,,,,,
home central air conditioner size calculator,USD,50,-100%,-100%,Unknown,,,,,,,,,,,,,,,,,,,,
home hvac calculator,USD,50,0%,0%,High,75,0.46,5.23,,,,,,,,,,,,,,,,,
home hvac size calculator,USD,50,0%,0%,Medium,48,0.35,7.40,,,,,,,,,,,,,,,,,
hvac area calculation,USD,50,-100%,-100%,Unknown,,,,,,,,,,,,,,,,,,,,
hvac basic formulas,USD,50,0%,0%,Low,7,,,,,,,,,,,,,,,,,,,
hvac btu calculation formula,USD,50,0%,-100%,Unknown,,,,,,,,,,,,,,,,,,,,
hvac btu formula,USD,50,0%,0%,Low,7,,,,,,,,,,,,,,,,,,,
hvac btu sizing,USD,50,-100%,0%,Unknown,,,,,,,,,,,,,,,,,,,,
hvac btu to ton conversion,USD,50,0%,0%,Low,25,,,,,,,,,,,,,,,,,,,
hvac building services calculations,USD,50,0%,0%,Unknown,,,,,,,,,,,,,,,,,,,,
hvac calc residential,USD,50,0%,0%,High,71,1.91,8.69,,,,,,,,,,,,,,,,,
hvac calculation excel,USD,50,0%,0%,Low,0,,,,,,,,,,,,,,,,,,,
hvac calculation for buildings,USD,50,0%,0%,Unknown,,,,,,,,,,,,,,,,,,,,
hvac calculations and duct sizing,USD,50,0%,0%,High,86,2.43,11.69,,,,,,,,,,,,,,,,,
hvac capacity formula,USD,50,0%,0%,Low,0,,,,,,,,,,,,,,,,,,,
hvac charging calculator,USD,50,0%,0%,Low,14,,,,,,,,,,,,,,,,,,,
hvac condensate calculator,USD,50,0%,0%,Low,3,,,,,,,,,,,,,,,,,,,
hvac conversion calculator,USD,50,0%,0%,Medium,38,0.46,3.91,,,,,,,,,,,,,,,,,
hvac conversion formulas,USD,50,-100%,-100%,Unknown,,,,,,,,,,,,,,,,,,,,
hvac cooling load,USD,50,0%,0%,Low,21,,,,,,,,,,,,,,,,,,,
hvac duct air flow calculation,USD,50,0%,0%,Medium,46,,,,,,,,,,,,,,,,,,,
hvac duct area calculation formula,USD,50,0%,0%,Low,0,,,,,,,,,,,,,,,,,,,
hvac duct calculation formula,USD,50,0%,0%,Low,7,,,,,,,,,,,,,,,,,,,
hvac duct cfm calculator,USD,50,0%,0%,Low,17,1.10,6.72,,,,,,,,,,,,,,,,,
hvac duct design calculator,USD,500,0%,-90%,Low,3,1.37,10.44,,,,,,,,,,,,,,,,,
hvac duct measurement,USD,50,0%,0%,Medium,43,,,,,,,,,,,,,,,,,,,
hvac duct measurement formula,USD,50,0%,0%,Low,0,,,,,,,,,,,,,,,,,,,
hvac duct reducer calculation,USD,50,0%,0%,Low,5,,,,,,,,,,,,,,,,,,,
hvac duct size calculation formula,USD,50,-100%,0%,Unknown,,,,,,,,,,,,,,,,,,,,
hvac duct size calculator excel,USD,50,-100%,-100%,Unknown,,,,,,,,,,,,,,,,,,,,
hvac duct size calculator free download,USD,50,0%,0%,Unknown,,,,,,,,,,,,,,,,,,,,
hvac duct static pressure calculation,USD,50,0%,0%,Low,11,,,,,,,,,,,,,,,,,,,
hvac duct weight calculator,USD,50,0%,0%,Low,1,,,,,,,,,,,,,,,,,,,
hvac duct weight calculator excel,USD,50,0%,∞,Low,0,,,,,,,,,,,,,,,,,,,
hvac ductwork sizing,USD,500,0%,0%,Low,13,0.88,8.42,,,,,,,,,,,,,,,,,
hvac ductwork weight calculator,USD,50,0%,0%,Low,1,,,,,,,,,,,,,,,,,,,
hvac energy consumption calculator,USD,50,0%,-100%,Unknown,,,,,,,,,,,,,,,,,,,,
hvac energy cost calculator,USD,50,0%,0%,Low,14,,,,,,,,,,,,,,,,,,,
hvac energy efficiency calculator,USD,50,-100%,-100%,Unknown,,,,,,,,,,,,,,,,,,,,
hvac engineering calculations,USD,50,∞,0%,Medium,57,,,,,,,,,,,,,,,,,,,
hvac engineering formulas,USD,50,-100%,0%,Unknown,,,,,,,,,,,,,,,,,,,,
hvac enthalpy formula,USD,50,0%,0%,Low,7,,,,,,,,,,,,,,,,,,,
hvac equations,USD,50,0%,0%,Low,5,,,,,,,,,,,,,,,,,,,
hvac formulas excel,USD,0,0%,0%,Unknown,,,,,,,,,,,,,,,,,,,,
hvac heat load calculation online,USD,50,∞,0%,High,86,,,,,,,,,,,,,,,,,,,
hvac heat loss,USD,50,0%,∞,Medium,62,,,,,,,,,,,,,,,,,,,
hvac heating and cooling load calculations,USD,50,-100%,-100%,Unknown,,,,,,,,,,,,,,,,,,,,
hvac how many cfm per square foot,USD,50,0%,0%,Low,0,,,,,,,,,,,,,,,,,,,
hvac how many tons do i need,USD,50,0%,0%,High,79,0.42,4.78,,,,,,,,,,,,,,,,,
hvac how many tons per square foot,USD,500,0%,0%,Low,18,0.28,4.23,,,,,,,,,,,,,,,,,
hvac kwh calculator,USD,500,-90%,0%,Low,19,,,,,,,,,,,,,,,,,,,
hvac load analysis,USD,50,0%,0%,Medium,50,,,,,,,,,,,,,,,,,,,
hvac load calculation excel,USD,50,0%,0%,Low,18,,,,,,,,,,,,,,,,,,,
hvac load calculation for basement,USD,50,0%,0%,Low,11,,,,,,,,,,,,,,,,,,,
hvac load calculation online,USD,50,0%,0%,Medium,35,1.72,13.74,,,,,,,,,,,,,,,,,
hvac manual d calculation,USD,50,0%,0%,Medium,52,2.40,26.76,,,,,,,,,,,,,,,,,
hvac manual j calculator,USD,50,0%,0%,Medium,44,0.91,6.13,,,,,,,,,,,,,,,,,
hvac manual j free download,USD,50,∞,0%,Low,14,,,,,,,,,,,,,,,,,,,
hvac manual j online,USD,50,0%,0%,Unknown,,,,,,,,,,,,,,,,,,,,
hvac math formulas,USD,50,0%,0%,Low,6,1.92,16.62,,,,,,,,,,,,,,,,,
hvac parts markup calculator,USD,50,0%,0%,Low,15,,,,,,,,,,,,,,,,,,,
hvac payback calculator,USD,50,0%,∞,Low,14,,,,,,,,,,,,,,,,,,,
hvac pipe size calculation,USD,50,-100%,-100%,Unknown,,,,,,,,,,,,,,,,,,,,
hvac pipe sizing,USD,50,0%,0%,Low,13,,,,,,,,,,,,,,,,,,,
hvac plenum size calculator,USD,50,∞,0%,Low,16,,,,,,,,,,,,,,,,,,,
hvac power consumption calculation,USD,50,-100%,-100%,Unknown,,,,,,,,,,,,,,,,,,,,
hvac register size calculator,USD,50,0%,∞,Low,12,,,,,,,,,,,,,,,,,,,
hvac return air calculations,USD,50,-100%,0%,Unknown,,,,,,,,,,,,,,,,,,,,
hvac return size calculator,USD,50,0%,0%,Low,4,,,,,,,,,,,,,,,,,,,
hvac room calculator,USD,50,0%,0%,High,76,0.36,3.15,,,,,,,,,,,,,,,,,
hvac room cfm calculation,USD,50,0%,0%,Low,14,,,,,,,,,,,,,,,,,,,
hvac room load calculator,USD,50,0%,0%,Medium,43,,,,,,,,,,,,,,,,,,,
hvac room size calculator,USD,50,0%,0%,Medium,36,0.71,3.20,,,,,,,,,,,,,,,,,
hvac seer rating calculator,USD,50,0%,0%,Low,13,2.79,7.43,,,,,,,,,,,,,,,,,
hvac size calculator free,USD,50,0%,0%,Medium,64,0.56,2.95,,,,,,,,,,,,,,,,,
hvac size for square footage,USD,50,0%,0%,Low,29,,,,,,,,,,,,,,,,,,,
hvac sizing calculator online free,USD,50,-100%,-100%,Unknown,,,,,,,,,,,,,,,,,,,,
hvac square footage per ton,USD,500,0%,0%,Low,26,0.53,3.94,,,,,,,,,,,,,,,,,
hvac subcooling calculator,USD,50,0%,0%,Low,0,,,,,,,,,,,,,,,,,,,
hvac subcooling formula,USD,50,0%,0%,Low,0,,,,,,,,,,,,,,,,,,,
hvac system load calculation,USD,500,0%,900%,Low,11,3.20,5.89,,,,,,,,,,,,,,,,,
hvac ton per sq ft calculator,USD,50,0%,0%,Medium,62,,,,,,,,,,,,,,,,,,,
hvac ton to btu conversion,USD,50,0%,0%,Low,18,,,,,,,,,,,,,,,,,,,
hvac ton to square footage,USD,50,0%,0%,Low,6,,,,,,,,,,,,,,,,,,,
hvac tonnage calculation formula,USD,50,0%,0%,Medium,56,1.14,9.13,,,,,,,,,,,,,,,,,
hvac trunk line calculator,USD,50,0%,0%,Low,10,,,,,,,,,,,,,,,,,,,
hvac unit conversion,USD,50,0%,0%,Medium,48,14.59,23.14,,,,,,,,,,,,,,,,,
hvac vent size calculator,USD,50,0%,0%,Low,17,,,,,,,,,,,,,,,,,,,
hvac ventilation calculation,USD,50,0%,0%,Low,6,,,,,,,,,,,,,,,,,,,
hvaccharts com,USD,50,-100%,-100%,Unknown,,,,,,,,,,,,,,,,,,,,
industrial hvac load calculation,USD,50,-100%,-100%,Unknown,,,,,,,,,,,,,,,,,,,,
latent heat equation hvac,USD,50,0%,0%,Low,6,,,,,,,,,,,,,,,,,,,
latent heat formula hvac,USD,50,0%,0%,Low,0,,,,,,,,,,,,,,,,,,,
manual duct sizing calculation,USD,50,-100%,-100%,Unknown,,,,,,,,,,,,,,,,,,,,
manual heat load calculation,USD,50,0%,0%,Medium,36,,,,,,,,,,,,,,,,,,,
manual j analysis,USD,50,0%,0%,Medium,36,,,,,,,,,,,,,,,,,,,
manual j calc,USD,500,0%,0%,Medium,48,0.81,4.97,,,,,,,,,,,,,,,,,
manual j calculation formula,USD,50,0%,0%,Low,19,0.85,3.66,,,,,,,,,,,,,,,,,
manual j heat load,USD,50,0%,0%,Medium,65,1.07,6.61,,,,,,,,,,,,,,,,,
manual j heat load calculation free,USD,50,0%,0%,High,81,1.49,10.52,,,,,,,,,,,,,,,,,
manual j heat loss calculation,USD,50,0%,0%,Medium,60,1.10,5.28,,,,,,,,,,,,,,,,,
manual j heating and cooling load calculation,USD,50,0%,0%,High,69,1.39,4.45,,,,,,,,,,,,,,,,,
manual j hvac calculator,USD,50,0%,0%,Medium,44,0.91,6.13,,,,,,,,,,,,,,,,,
manual j load calc,USD,500,0%,0%,Medium,37,0.99,5.46,,,,,,,,,,,,,,,,,
manual j load calculation online,USD,50,0%,0%,Medium,63,1.01,4.06,,,,,,,,,,,,,,,,,
manual j sizing,USD,50,0%,0%,Medium,57,1.15,4.10,,,,,,,,,,,,,,,,,
mcquay duct calculator,USD,50,-100%,-100%,Unknown,,,,,,,,,,,,,,,,,,,,
mcquay duct size calculator free download,USD,50,0%,-100%,Unknown,,,,,,,,,,,,,,,,,,,,
mcquay duct sizer download free,USD,50,0%,-100%,Unknown,,,,,,,,,,,,,,,,,,,,
mcquay duct sizer for mobile,USD,50,-100%,0%,Unknown,,,,,,,,,,,,,,,,,,,,
mcquay duct sizer online,USD,50,0%,-100%,Unknown,,,,,,,,,,,,,,,,,,,,
mcquay pipe sizer online,USD,50,0%,0%,Unknown,,,,,,,,,,,,,,,,,,,,
measuring air conditioner size,USD,50,∞,0%,Low,22,,,,,,,,,,,,,,,,,,,
ocean hvac ductulator,USD,50,0%,0%,Low,12,1.99,9.32,,,,,,,,,,,,,,,,,
online air conditioning calculator,USD,50,0%,900%,Low,5,,,,,,,,,,,,,,,,,,,
online ductulator free download,USD,50,0%,-100%,Unknown,,,,,,,,,,,,,,,,,,,,
online heat load calculation,USD,50,0%,0%,Medium,42,1.26,4.82,,,,,,,,,,,,,,,,,
online heat load calculation for air conditioning,USD,50,0%,∞,Medium,43,,,,,,,,,,,,,,,,,,,
online hvac duct size calculator,USD,50,0%,0%,Low,25,,,,,,,,,,,,,,,,,,,
online mcquay duct sizer,USD,50,-100%,0%,Unknown,,,,,,,,,,,,,,,,,,,,
pipe sizer mcquay,USD,50,0%,0%,Low,8,,,,,,,,,,,,,,,,,,,
plenum box area calculation formula,USD,50,0%,-100%,Unknown,,,,,,,,,,,,,,,,,,,,
plenum box sizing calculation smacna,USD,50,∞,0%,Low,0,,,,,,,,,,,,,,,,,,,
plenum size calculator,USD,50,0%,0%,Low,7,,,,,,,,,,,,,,,,,,,
pressure drop calculator air duct,USD,50,0%,0%,Low,2,,,,,,,,,,,,,,,,,,,
properly sizing ductwork,USD,50,0%,0%,Medium,43,,,,,,,,,,,,,,,,,,,
pump head calculation in hvac,USD,50,0%,-100%,Unknown,,,,,,,,,,,,,,,,,,,,
quick heat load calculation,USD,50,0%,0%,Medium,48,0.84,3.71,,,,,,,,,,,,,,,,,
quick manual j calculation,USD,50,0%,0%,Medium,66,0.91,21.94,,,,,,,,,,,,,,,,,
rectangular duct area calculation,USD,50,0%,0%,Low,10,,,,,,,,,,,,,,,,,,,
rectangular duct area calculator online,USD,0,0%,0%,Unknown,,,,,,,,,,,,,,,,,,,,
rectangular duct calculator,USD,50,0%,0%,Low,4,,,,,,,,,,,,,,,,,,,
reducer duct area calculation formula,USD,50,-100%,0%,Unknown,,,,,,,,,,,,,,,,,,,,
refrigeration heat load calculation,USD,50,0%,0%,Low,0,,,,,,,,,,,,,,,,,,,
residential ac tonnage calculator,USD,50,0%,0%,Low,23,,,,,,,,,,,,,,,,,,,
residential cooling and heating load calculations,USD,50,-100%,-100%,Unknown,,,,,,,,,,,,,,,,,,,,
residential duct calculator,USD,50,0%,0%,Low,32,,,,,,,,,,,,,,,,,,,
residential ductwork sizing,USD,50,0%,0%,Low,23,,,,,,,,,,,,,,,,,,,
residential heat loss and heat gain calculation,USD,50,0%,0%,Medium,57,,,,,,,,,,,,,,,,,,,
residential heat loss calculator,USD,50,0%,0%,Medium,41,1.06,11.50,,,,,,,,,,,,,,,,,
residential heating and cooling load calculations,USD,50,-100%,-100%,Unknown,,,,,,,,,,,,,,,,,,,,
residential heating load calculations,USD,50,0%,0%,Unknown,,,,,,,,,,,,,,,,,,,,
residential hvac cost calculator,USD,50,0%,0%,Unknown,,,,,,,,,,,,,,,,,,,,
residential hvac tonnage calculator,USD,50,0%,0%,Low,18,,,,,,,,,,,,,,,,,,,
restaurant hvac load calculation,USD,50,-100%,-100%,Unknown,,,,,,,,,,,,,,,,,,,,
return air calculation hvac,USD,50,-100%,0%,Unknown,,,,,,,,,,,,,,,,,,,,
return air duct calculator,USD,50,0%,0%,Low,7,,,,,,,,,,,,,,,,,,,
return air duct sizing calculator,USD,500,0%,0%,Low,7,0.91,6.64,,,,,,,,,,,,,,,,,
return duct calculator,USD,50,0%,0%,Low,7,,,,,,,,,,,,,,,,,,,
room ac tonnage calculator,USD,50,0%,0%,Low,29,,,,,,,,,,,,,,,,,,,
room area and ac tonnage,USD,0,0%,0%,Unknown,,,,,,,,,,,,,,,,,,,,
room heat load calculation excel,USD,50,∞,∞,Medium,43,,,,,,,,,,,,,,,,,,,
room size ac btu calculator,USD,50,0%,0%,Medium,50,,,,,,,,,,,,,,,,,,,
room size ac ton,USD,50,0%,0%,Low,12,,,,,,,,,,,,,,,,,,,
room size ac tonnage calculator,USD,50,-100%,-100%,Unknown,,,,,,,,,,,,,,,,,,,,
room size and ac btu,USD,50,0%,0%,Medium,55,0.12,0.94,,,,,,,,,,,,,,,,,
room size and ac capacity,USD,50,0%,0%,Low,12,0.04,4.16,,,,,,,,,,,,,,,,,
room size and ac tonnage calculator,USD,50,-100%,0%,Unknown,,,,,,,,,,,,,,,,,,,,
room size and air conditioner capacity,USD,50,0%,0%,Low,12,0.04,4.16,,,,,,,,,,,,,,,,,
room size for ac capacity,USD,50,-100%,0%,Unknown,,,,,,,,,,,,,,,,,,,,
room size to ac capacity,USD,50,0%,0%,Medium,34,,,,,,,,,,,,,,,,,,,
room size to ac tonnage,USD,50,0%,0%,Unknown,,,,,,,,,,,,,,,,,,,,
round duct calculator,USD,500,0%,900%,Low,3,,,,,,,,,,,,,,,,,,,
seer calculator for heat pump,USD,50,0%,0%,Low,24,1.62,8.22,,,,,,,,,,,,,,,,,
seer calculator heat pump,USD,50,0%,-100%,Unknown,,,,,,,,,,,,,,,,,,,,
seer efficiency calculator,USD,500,0%,0%,Low,4,1.88,9.26,,,,,,,,,,,,,,,,,
seer electricity calculator,USD,50,0%,-100%,Unknown,,,,,,,,,,,,,,,,,,,,
seer energy calculator,USD,50,0%,0%,Low,7,,,,,,,,,,,,,,,,,,,
seer rating efficiency calculator,USD,50,0%,0%,Low,0,,,,,,,,,,,,,,,,,,,
seer rating savings calculator,USD,5000,0%,0%,Low,1,2.09,8.21,,,,,,,,,,,,,,,,,
seer value calculator,USD,50,0%,0%,Low,0,,,,,,,,,,,,,,,,,,,
sensible heat formula hvac,USD,50,0%,0%,Low,0,,,,,,,,,,,,,,,,,,,
server room hvac calculator,USD,50,0%,0%,Medium,43,,,,,,,,,,,,,,,,,,,
shop heater calculator,USD,50,0%,0%,Low,11,,,,,,,,,,,,,,,,,,,
simple cooling load calculation,USD,50,0%,-100%,Unknown,,,,,,,,,,,,,,,,,,,,
simple hvac load calculator,USD,50,0%,0%,High,71,,,,,,,,,,,,,,,,,,,
simple manual j calculator,USD,50,0%,0%,Medium,55,0.49,3.65,,,,,,,,,,,,,,,,,
size ac for my house,USD,50,∞,0%,High,100,0.29,5.00,,,,,,,,,,,,,,,,,
size ac per square foot,USD,50,0%,0%,Medium,43,,,,,,,,,,,,,,,,,,,
size ac unit for room,USD,500,900%,0%,High,100,0.18,1.88,,,,,,,,,,,,,,,,,
size air conditioning unit calculator,USD,5000,0%,0%,Low,25,0.49,2.31,,,,,,,,,,,,,,,,,
size of ac for square footage,USD,50,0%,-90%,Medium,46,0.29,3.91,,,,,,,,,,,,,,,,,
size of ac needed for house,USD,50,0%,0%,High,86,,,,,,,,,,,,,,,,,,,
size of ac unit based on square footage,USD,50,0%,0%,Medium,65,0.33,3.23,,,,,,,,,,,,,,,,,
size of ac unit for my house,USD,50,0%,-100%,Unknown,,,,,,,,,,,,,,,,,,,,
size of ductwork,USD,500,0%,0%,Low,17,1.14,12.50,,,,,,,,,,,,,,,,,
size of hvac unit per square foot,USD,50,0%,0%,Medium,48,,,,,,,,,,,,,,,,,,,
sizing ac units square footage,USD,50,0%,-90%,Medium,46,0.29,3.91,,,,,,,,,,,,,,,,,
sizing air handler calculator,USD,50,0%,0%,Low,18,,,,,,,,,,,,,,,,,,,
sizing an ac system,USD,50,-100%,-100%,Unknown,,,,,,,,,,,,,,,,,,,,
sizing ductwork for a house,USD,50,0%,0%,Low,32,0.73,3.28,,,,,,,,,,,,,,,,,
sizing ductwork for cfm,USD,500,0%,0%,Low,8,0.83,4.89,,,,,,,,,,,,,,,,,
sizing ductwork per room,USD,50,-100%,-100%,Unknown,,,,,,,,,,,,,,,,,,,,
sizing hvac tonnage,USD,50,0%,∞,Low,0,,,,,,,,,,,,,,,,,,,
smacna duct calculator,USD,50,0%,0%,Low,23,,,,,,,,,,,,,,,,,,,
smacna duct leakage calculator,USD,50,0%,0%,Low,6,,,,,,,,,,,,,,,,,,,
smacna duct leakage test calculator,USD,50,0%,0%,Low,14,,,,,,,,,,,,,,,,,,,
smacna ductulator,USD,50,0%,0%,Medium,51,0.78,7.45,,,,,,,,,,,,,,,,,
split ac load calculation,USD,0,0%,0%,Unknown,,,,,,,,,,,,,,,,,,,,
split ac ton calculation,USD,50,0%,0%,Unknown,,,,,,,,,,,,,,,,,,,,
split cycle air conditioner size calculator,USD,0,0%,0%,Unknown,,,,,,,,,,,,,,,,,,,,
sq ft to ac ton calculator,USD,50,0%,0%,Medium,40,0.43,1.20,,,,,,,,,,,,,,,,,
square duct calculator,USD,50,0%,0%,Low,3,,,,,,,,,,,,,,,,,,,
square duct to round duct calculator,USD,50,0%,0%,Low,6,,,,,,,,,,,,,,,,,,,
square footage btu air conditioner calculator,USD,50,0%,0%,Medium,36,0.06,1.30,,,,,,,,,,,,,,,,,
square footage per ton hvac,USD,50,0%,0%,Low,13,0.80,3.21,,,,,,,,,,,,,,,,,
square footage per ton of air conditioning,USD,500,0%,-90%,Medium,33,0.34,4.35,,,,,,,,,,,,,,,,,
square footage to ac tonnage,USD,500,0%,0%,Medium,39,0.31,2.96,,,,,,,,,,,,,,,,,
static pressure calculation in duct,USD,50,0%,-100%,Unknown,,,,,,,,,,,,,,,,,,,,
static pressure formula hvac,USD,50,0%,0%,Low,2,,,,,,,,,,,,,,,,,,,
static pressure hvac formula,USD,50,0%,0%,Low,0,,,,,,,,,,,,,,,,,,,
subcool and superheat calculator,USD,500,0%,0%,Low,3,1.33,4.81,,,,,,,,,,,,,,,,,
superheat and subcool calculator,USD,500,0%,0%,Low,3,1.33,4.81,,,,,,,,,,,,,,,,,
superheat and subcooling calculator online,USD,50,0%,0%,Unknown,,,,,,,,,,,,,,,,,,,,
thermal load calculation,USD,50,0%,0%,Low,25,0.63,3.03,,,,,,,,,,,,,,,,,
ton air conditioner square footage,USD,500,0%,0%,Medium,39,0.31,2.96,,,,,,,,,,,,,,,,,
ton of air conditioning per square foot,USD,500,0%,-90%,Medium,33,0.34,4.35,,,,,,,,,,,,,,,,,
tonnage ac,USD,50,0%,-90%,Low,17,0.46,9.22,,,,,,,,,,,,,,,,,
tonnage needed for ac,USD,50,0%,0%,High,82,0.63,4.50,,,,,,,,,,,,,,,,,
tonnage of ac and room size,USD,0,0%,0%,Unknown,,,,,,,,,,,,,,,,,,,,
tonnage of ac required for room,USD,50,0%,-100%,Unknown,,,,,,,,,,,,,,,,,,,,
tonnage on ac unit,USD,50,0%,0%,Low,2,,,,,,,,,,,,,,,,,,,
tonnage per square foot ac,USD,500,0%,-90%,Medium,33,0.34,4.35,,,,,,,,,,,,,,,,,
tonnage required for ac,USD,50,0%,0%,High,82,0.63,4.50,,,,,,,,,,,,,,,,,
total cooling load formula,USD,50,0%,0%,Low,3,,,,,,,,,,,,,,,,,,,
total heat formula hvac,USD,50,0%,0%,Low,0,,,,,,,,,,,,,,,,,,,
tr formula in hvac,USD,0,0%,0%,Unknown,,,,,,,,,,,,,,,,,,,,
trane air duct calculator,USD,50,0%,0%,High,82,,,,,,,,,,,,,,,,,,,
trane duct sizer,USD,50,0%,0%,Low,14,,,,,,,,,,,,,,,,,,,
trane furnace size calculator,USD,50,0%,0%,Low,0,,,,,,,,,,,,,,,,,,,
trane trace load calculation,USD,50,0%,-100%,Unknown,,,,,,,,,,,,,,,,,,,,
treated fresh air calculation formula,USD,50,∞,0%,Low,0,,,,,,,,,,,,,,,,,,,
ventilation cooling load calculation,USD,50,-100%,-100%,Unknown,,,,,,,,,,,,,,,,,,,,
ventilation duct calculator,USD,50,-100%,-100%,Unknown,,,,,,,,,,,,,,,,,,,,
ventilation duct size calculator,USD,50,-100%,0%,Unknown,,,,,,,,,,,,,,,,,,,,
ventilation heat load calculation,USD,50,∞,0%,Low,14,,,,,,,,,,,,,,,,,,,
weight of ductwork calculator,USD,500,-90%,-90%,Low,2,,,,,,,,,,,,,,,,,,,
window ac tonnage calculator,USD,50,0%,0%,Low,0,,,,,,,,,,,,,,,,,,,
wrightsoft manual d,USD,50,0%,0%,Low,11,,,,,,,,,,,,,,,,,,,